species,common_name
Abelmoschus esculentus,Okra
Abies balsamea,balsam fir
Abies concolor,white fir
Abutilon theophrasti,velvetleaf
Acalypha gracilens,Slender Three-seeded Mercury
Acalypha rhomboidea,Common Three-seeded Mercury
Acalypha virginica,Virginia Three-seed Mercury
Acer campestre,field maple
Acer ginnala,Amur Maple
Acer negundo,box elder
Acer nigrum,black maple
Acer palmatum,Japanese maple
Acer pensylvanicum,striped maple
Acer platanoides,Norway maple
Acer pseudoplatanus,sycamore maple
Acer rubrum,red maple
Acer saccharinum,silver maple
Acer saccharum,sugar maple
Acer spicatum,Mountain Maple
Achillea filipendulina,Fern-leaf Yarrow
Achillea millefolium,common yarrow
Achillea ptarmica,Sneezewort
Aconitum napellus,Monk's-hood
Aconitum uncinatum,southern blue monkshood
Acorus americanus,American Sweet-Flag
Acorus calamus,Eurasian Sweet-Flag
Actaea pachypoda,white baneberry
Actaea racemosa,black cohosh
Actaea rubra,red baneberry
Actaea simplex,Simple bugbane
Actinidia arguta,Hardy kiwifruit
Adiantum pedatum,northern maidenhair fern
Adlumia fungosa,climbing fumitory
Aegopodium podagraria,Goutweed
Aesculus flava,yellow buckeye
Aesculus hippocastanum,horse-chestnut
Aesculus parviflora,bottlebrush buckeye
Aethusa cynapium,Fool's parsley
Agalinis maritima,Saltmarsh False Foxglove
Agalinis purpurea,purple false foxglove
Agalinis tenuifolia,slender false foxglove
Agastache foeniculum,anise hyssop
Agastache scrophulariifolia,purple giant hyssop
Ageratina altissima,white snakeroot
Ageratina aromatica,smaller white snakeroot
Agrimonia gryposepala,tall hairy agrimony
Agrimonia parviflora,swamp agrimony
Agrimonia pubescens,downy agrimony
Agrimonia striata,roadside agrimony
Agrostemma githago,corn cockle
Agrostis gigantea,redtop
Agrostis perennans,Perennial Bentgrass
Agrostis scabra,Rough Bentgrass
Ailanthus altissima,tree-of-heaven
Aira caryophyllea,Silver Hairgrass
Aira praecox,early hair grass
Ajuga genevensis,Blue Bugle
Ajuga reptans,carpet bugle
Akebia quinata,Five-leaf akebia
Albizia julibrissin,Persian silk tree
Alcea rosea,Hollyhock
Alchemilla australis,Slender parsley-piert
Alchemilla mollis,Garden Lady's-mantle
Aletris farinosa,White-tubed Colicroot
Alisma subcordatum,american water-plantain
Alisma triviale,northern water-plantain
Alkekengi officinarum,Japanese-lantern
Alliaria petiolata,garlic mustard
Allium canadense,Canadian Meadow garlic
Allium cernuum,nodding onion
Allium moly,Yellow onion
Allium ramosum,branchy onion
Allium schoenoprasum,Chives
Allium tricoccum,wide leek
Allium tuberosum,Garlic Chives
Allium vineale,wild garlic
Alnus glutinosa,common alder
Alnus incana,grey alder
Alnus serrulata,smooth alder
Alopecurus pratensis,Meadow Foxtail
Althaea officinalis,marsh mallow
Amaranthus blitum,purple amaranth
Amaranthus cannabinus,Tidalmarsh Amaranth
Amaranthus caudatus,Love-lies-bleeding
Amaranthus cruentus,Red amaranth
Amaranthus hybridus,Smooth Pigweed
Amaranthus retroflexus,Redroot Amaranth
Amaranthus spinosus,spiny amaranth
Amaranthus viridis,green amaranth
Amauropelta noveboracensis,New York fern
Ambrosia artemisiifolia,common ragweed
Ambrosia trifida,giant ragweed
Amelanchier arborea,common serviceberry
Amelanchier canadensis,Canadian serviceberry
Amelanchier laevis,smooth shadbush
Amelanchier nantucketensis,Nantucket Shadbush
Amelanchier stolonifera,Running Serviceberry
Ammannia coccinea,Scarlet Toothcup
Amorpha fruticosa,false indigo bush
Ampelopsis glandulosa,Porcelain Berry
Amphicarpaea bracteata,American hog-peanut
Amsonia tabernaemontana,eastern bluestar
Anacamptodon splachnoides,Knothole Moss
Anaphalis margaritacea,pearly everlasting
Anatherum glomeratum,Bushy Bluestem
Anatherum virginicum,broomsedge bluestem
Andersonglossum virginianum,wild comfrey
Andromeda polifolia,Wild Rosemary
Andropogon gerardi,big bluestem
Anemonastrum canadense,Canada anemone
Anemone virginiana,tall thimbleweed
Anemonoides blanda,Greek Anemone
Anemonoides nemorosa,wood anemone
Anemonoides quinquefolia,wood anemone
Anemonoides ranunculoides,Yellow Anemone
Anethum graveolens,Dill
Aneura pinguis,greasewort
Angelica atropurpurea,purple-stemmed angelica
Anomodon tristis,
Antennaria howellii,Small Pussytoes
Antennaria neglecta,Field Pussytoes
Antennaria parlinii,Parlin's Pussytoes
Antennaria plantaginifolia,plantain-leaved pussytoes
Anthoxanthum odoratum,sweet vernal grass
Anthriscus caucalis,Bur Parsley
Anthriscus sylvestris,Cow Parsley
Antirrhinum majus,Snapdragon
Aphyllon uniflorum,one-flowered cancer-root
Apios americana,American groundnut
Apocynum androsaemifolium,spreading dogbane
Apocynum cannabinum,hemp dogbane
Aquilegia atrata,Dark Columbine
Aquilegia canadensis,red columbine
Aquilegia vulgaris,common columbine
Arabidopsis lyrata,Lyreleaf Rockcress
Arabidopsis thaliana,mouse-ear cress
Arachis hypogaea,Peanut
Aralia elata,Japanese angelica tree
Aralia hispida,bristly sarsaparilla
Aralia nudicaulis,wild sarsaparilla
Aralia racemosa,American spikenard
Arceuthobium pusillum,Eastern Dwarf-mistletoe
Arctium lappa,greater burdock
Arctium minus,lesser burdock
Arctostaphylos uva-ursi,bearberry
Arenaria serpyllifolia,Thyme-leaved Sandwort
Argentina anserina,common silverweed
Arisaema dracontium,green dragon
Arisaema pusillum,small Jack-in-the-pulpit
Arisaema stewardsonii,bog Jack-in-the-pulpit
Arisaema triphyllum,Jack-in-the-Pulpit
Aristida dichotoma,Fork-tip Three-Awn
Aristida longespica,Slim-spike Three-awn Grass
Aristida oligantha,Oldfield Three-awn
Aristida purpurascens,Arrowfeather Threeawn
Aristida tuberculosa,Seaside Threeawn
Aristolochia macrophylla,pipevine
Aristolochia serpentaria,Virginia snakeroot
Armoracia rusticana,Horseradish
Arnoglossum atriplicifolium,pale Indian plantain
Aronia arbutifolia,red chokeberry
Aronia melanocarpa,black chokeberry
Arrhenatherum elatius,tall oat grass
Artemisia absinthium,absinthe wormwood
Artemisia annua,sweet annie
Artemisia canadensis,Canada Wormwood
Artemisia caudata,Beach Wormwood
Artemisia ludoviciana,Silver Wormwood
Artemisia stelleriana,Hoary Mugwort
Artemisia vulgaris,common mugwort
Arum italicum,Italian arum
Aruncus dioicus,Goatsbeard
Asarum canadense,Canadian wild ginger
Asarum europaeum,Asarabacca
Asarum reflexum,Reflexed Wild Ginger
Asclepias amplexicaulis,clasping milkweed
Asclepias curassavica,tropical milkweed
Asclepias exaltata,poke milkweed
Asclepias incarnata,swamp milkweed
Asclepias purpurascens,purple milkweed
Asclepias quadrifolia,four-leaved milkweed
Asclepias syriaca,common milkweed
Asclepias tuberosa,butterfly milkweed
Asclepias verticillata,whorled milkweed
Asimina triloba,common pawpaw
Asparagus aethiopicus,African Asparagus
Asparagus officinalis,wild asparagus
Asplenium montanum,mountain spleenwort
Asplenium platyneuron,ebony spleenwort
Asplenium rhizophyllum,walking fern
Asplenium ruta-muraria,wall-rue
Asplenium trichomanes,maidenhair spleenwort
Aster tataricus,Tatarian Aster
Asterella tenella,Delicate Starwort
Astrantia major,great masterwort
Athyrium angustum,northern lady fern
Athyrium asplenioides,southern lady fern
Athyrium niponicum,Japanese painted fern
Atocion armeria,Sweet William Catchfly
Atrichum altecristatum,Wavy Starburst Moss
Atrichum angustatum,lesser smoothcap
Atrichum crispum,Crispate Smoothcap
Atrichum undulatum,Catherine's moss
Atriplex prostrata,Creeping Saltbush
Aulacomnium heterostichum,Goose Egg Moss
Aulacomnium palustre,ribbed bog moss
Aureolaria flava,smooth yellow false foxglove
Aureolaria pedicularia,fern-leaved false foxglove
Aureolaria virginica,downy yellow false foxglove
Avenella flexuosa,wavy hair-grass
Baccharis halimifolia,groundsel tree
Bambusa vulgaris,common bamboo
Baptisia australis,tall blue wild indigo
Baptisia tinctoria,eastern wild indigo
Barbarea stricta,Small-flowered Winter-cress
Barbarea verna,land cress
Barbarea vulgaris,bitter wintercress
Barnardia japonica,Japanese jacinth
Bartonia paniculata,Twining Screwstem
Bartonia virginica,yellow screwstem
Bartramia pomiformis,Common Apple-moss
Basella alba,Malabar spinach
Bassia scoparia,summer-cypress
Bazzania trilobata,greater whipwort
Begonia grandis,hardy begonia
Bellis perennis,Lawn daisy
Berberis aquifolium,Oregon grape
Berberis bealei,leatherleaf mahonia
Berberis julianae,wintergreen barberry
Berberis thunbergii,Japanese barberry
Berberis vulgaris,European barberry
Berteroa incana,hoary alyssum
Betonica officinalis,common hedge-nettle
Betula alleghaniensis,yellow birch
Betula lenta,sweet birch
Betula nigra,river birch
Betula papyrifera,paper birch
Betula pendula,silver birch
Betula populifolia,gray birch
Betula pumila,swamp birch
Bidens alba,White beggarticks
Bidens beckii,Water Marigold
Bidens bipinnata,Spanish needles
Bidens cernua,Nodding Beggarticks
Bidens connata,Purplestem Beggarticks
Bidens discoidea,swamp beggarticks
Bidens frondosa,Devil's Beggarticks
Bidens laevis,Smooth Beggarticks
Bidens polylepis,Tickseed Sunflower
Bidens tripartita,Three-parted Beggarticks
Bidens vulgata,Tall Beggarticks
Bistorta amplexicaulis,red bistort
Blasia pusilla,Common Kettlewort
Blephilia hirsuta,Hairy Wood Mint
Boehmeria cylindrica,false nettle
Bolboschoenus fluviatilis,river bulrush
Bolboschoenus robustus,seacoast bulrush
Boltonia asteroides,false aster
Borago officinalis,Borage
Borodinia canadensis,sicklepod
Borodinia laevigata,smooth rockcress
Botrychium angustisegmentum,narrow triangle moonwort
Botrychium matricariifolium,matricary grapefern
Botrypus virginianus,rattlesnake fern
Bouteloua gracilis,Blue Grama
Brachyelytrum aristosum,Northern Shorthusk
Brachythecium rivulare,Waterside Feather Moss
Brachythecium salebrosum,Smooth-stalk Feather-moss
Brasenia schreberi,Watershield
Brassica napus,rapeseed
Brassica oleracea,"cabbage, broccoli, and allies"
Brassica rapa,field mustard
Briza media,Quaking-grass
Bromus commutatus,Meadow Brome
Bromus inermis,Smooth Brome
Bromus secalinus,Rye Brome
Bromus tectorum,Cheatgrass
Brotherella recurvans,Recurved Brotherella Moss
Broussonetia papyrifera,Paper mulberry
Brunnera macrophylla,Siberian bugloss
Bryoandersonia illecebra,spoon-leaved moss
Bryum argenteum,Silvery Bryum
Bryum dichotomum,Bicoloured Bryum
Buddleja davidii,Butterfly bush
Bulbostylis capillaris,Densetuft Hairsedge
Bupleurum rotundifolium,Thorow-wax
Butomus umbellatus,Flowering-rush
Buxbaumia aphylla,Bug-on-a-stick
Buxus sempervirens,common box
Cabomba caroliniana,Carolina Fanwort
Cakile edentula,American searocket
Caladium bicolor,Heart of Jesus
Calamagrostis breviligulata,American marram grass
Calendula officinalis,pot marigold
Calla palustris,marsh calla
Callicarpa dichotoma,Purple Beautyberry
Callicladium haldaneanum,Beautiful Branch Moss
Callicladium imponens,brocade moss
Calliergon cordifolium,Heart-leaved Spear-moss
Calliergonella lindbergii,Lindberg's Hypnum Moss
Callitriche heterophylla,Large Water-starwort
Callitriche palustris,Narrow-fruited Water-starwort
Calluna vulgaris,common heather
Calopogon tuberosus,Tuberous Grasspink
Caltha palustris,marsh marigold
Calycanthus floridus,Carolina sweetshrub
Calypogeia neogaea,
Calypogeia sphagnicola,Bog Pouchwort
Calystegia sepium,hedge bindweed
Calystegia silvatica,large bindweed
Calystegia spithamaea,Low False Bindweed
Camassia leichtlinii,great camas
Camassia scilloides,Atlantic camas
Campanula glomerata,clustered bellflower
Campanula intercedens,intermediate bellflower
Campanula medium,Canterbury-bells
Campanula persicifolia,Peach-leaved Bellflower
Campanula poscharskyana,Trailing bellflower
Campanula punctata,Spotted bellflower
Campanula rapunculoides,Creeping Bellflower
Campanula rotundifolia,Common Harebell
Campanula trachelium,Nettle-leaved Bellflower
Campanulastrum americanum,tall bellflower
Campsis radicans,American trumpet vine
Cannabis sativa,Cannabis
Capnoides sempervirens,rock harlequin
Capsella bursa-pastoris,shepherd's-purse
Cardamine bulbosa,bulbous cress
Cardamine concatenata,cut-leaved toothwort
Cardamine dentata,white cuckoo bitter-cress
Cardamine diphylla,Two-leaved Toothwort
Cardamine douglassii,Purple Cress
Cardamine hirsuta,hairy bittercress
Cardamine impatiens,narrow-leaved bittercress
Cardamine occulta,Nursery bittercress
Cardamine parviflora,Sand Bittercress
Cardamine pensylvanica,Pennsylvania Bittercress
Cardamine pratensis,Cuckooflower
Carduus nutans,musk thistle
Carex aestivalis,summer sedge
Carex albicans,white-tinged sedge
Carex albursina,White Bear Sedge
Carex amphibola,Eastern Narrowleaf Sedge
Carex annectens,Yellow-fruited Sedge
Carex appalachica,Appalachian sedge
Carex arctata,drooping woodland sedge
Carex atlantica,prickly bog sedge
Carex billingsii,Billings' sedge
Carex blanda,eastern woodland sedge
Carex brevior,Shortbeak Sedge
Carex bromoides,brome-like sedge
Carex bushii,Bush's Sedge
Carex buxbaumii,Buxbaum's sedge
Carex canescens,hoary sedge
Carex cephalophora,oval-headed sedge
Carex communis,fibrous-rooted sedge
Carex comosa,bristly sedge
Carex conoidea,open-field sedge
Carex crinita,fringed sedge
Carex cumulata,clustered sedge
Carex davisii,Davis' sedge
Carex debilis,white-edge sedge
Carex digitalis,slender woodland sedge
Carex eburnea,ivory sedge
Carex echinata,star sedge
Carex emoryi,Emory's sedge
Carex festucacea,fescue sedge
Carex flava,yellow-green sedge
Carex folliculata,northern long sedge
Carex formosa,handsome sedge
Carex frankii,Frank's sedge
Carex glaucodea,Blue Sedge
Carex gracilescens,Slender Loose-flowered Sedge
Carex gracillima,graceful sedge
Carex granularis,Limestone Meadow sedge
Carex grayi,Gray's sedge
Carex grisea,Inflated Narrow-leaved Sedge
Carex gynandra,nodding sedge
Carex haydenii,Hayden's sedge
Carex hirsutella,fuzzy wuzzy sedge
Carex hirta,hairy sedge
Carex hirtifolia,hairy sedge
Carex hystericina,bottlebrush sedge
Carex intumescens,bladder sedge
Carex kobomugi,Japanese sedge
Carex lacustris,lake sedge
Carex laevivaginata,smooth-sheathed sedge
Carex lasiocarpa,woolly-fruited sedge
Carex laxiculmis,Spreading Sedge
Carex laxiflora,loose-flowered sedge
Carex leptalea,bristle-stalked sedge
Carex leptonervia,Nerveless Woodland Sedge
Carex lucorum,Blue Ridge sedge
Carex lupuliformis,false hop sedge
Carex lupulina,hop sedge
Carex lurida,sallow sedge
Carex muehlenbergii,Muhlenberg's Sedge
Carex muskingumensis,palm sedge
Carex normalis,Greater Straw Sedge
Carex novae-angliae,New England sedge
Carex pallescens,pale sedge
Carex pedunculata,long-stalked sedge
Carex pellita,woolly sedge
Carex pensylvanica,Pennsylvania sedge
Carex plantaginea,plantainleaf sedge
Carex platyphylla,broad-leaved sedge
Carex prasina,drooping sedge
Carex radiata,bracted sedge
Carex retroflexa,Reflexed Sedge
Carex retrorsa,retrorse sedge
Carex rosea,rosy sedge
Carex scabrata,eastern rough sedge
Carex scoparia,pointed broom sedge
Carex seorsa,Weak Stellate Sedge
Carex siccata,dry land sedge
Carex silicea,beach sedge
Carex sprengelii,longbeak sedge
Carex squarrosa,squarrose sedge
Carex stipata,awl-fruited sedge
Carex straminea,Eastern Straw Sedge
Carex stricta,tussock sedge
Carex swanii,Swan's sedge
Carex torta,twisted sedge
Carex tribuloides,blunt broom sedge
Carex trichocarpa,Hairy-fruit Sedge
Carex trisperma,threeseeded sedge
Carex typhina,cattail sedge
Carex utriculata,Northwest Territory sedge
Carex vesicaria,inflated sedge
Carex vestita,velvet sedge
Carex virescens,ribbed sedge
Carex vulpinoidea,fox sedge
Carica papaya,Papaya
Carpinus betulus,European Hornbeam
Carpinus caroliniana,American hornbeam
Carthamus tinctorius,Safflower
Carya cordiformis,bitternut hickory
Carya glabra,pignut hickory
Carya ovalis,red hickory
Carya ovata,shagbark hickory
Carya tomentosa,mockernut
Castanea dentata,American chestnut
Castanea mollissima,Chinese chestnut
Castilleja coccinea,Painted-cup paintbrush
Catalpa bignonioides,southern catalpa
Catalpa speciosa,northern catalpa
Catharanthus roseus,Madagascar Periwinkle
Caulophyllum giganteum,early blue cohosh
Caulophyllum thalictroides,blue cohosh
Ceanothus americanus,New Jersey tea
Celastrus orbiculatus,Asian bittersweet
Celastrus scandens,American bittersweet
Celtis occidentalis,common hackberry
Cenchrus alopecuroides,Chinese pennisetum
Cenchrus longispinus,mat sandbur
Centaurea cyanus,Cornflower
Centaurea jacea,Brown Knapweed
Centaurea montana,Perennial Cornflower
Centaurea nigra,black knapweed
Centaurea nigrescens,Tyrol knapweed
Centaurea stoebe,spotted knapweed
Centaurium pulchellum,Lesser Centaury
Cephalanthus occidentalis,buttonbush
Cerastium arvense,field chickweed
Cerastium fontanum,Common mouse-ear chickweed
Cerastium glomeratum,Sticky mouse-ear chickweed
Cerastium holosteoides,Common mouse-ear chickweed
Cerastium tomentosum,Snow-in-summer
Ceratodon purpureus,Redshank
Ceratophyllum demersum,coontail
Ceratophyllum echinatum,spineless hornwort
Ceratostigma plumbaginoides,blue leadwort
Cercidiphyllum japonicum,katsura tree
Cercis canadensis,eastern redbud
Chaenomeles japonica,Japanese Quince
Chaenomeles speciosa,Chinese quince
Chaenorhinum minus,dwarf snapdragon
Chaerophyllum procumbens,spreading chervil
Chamaecrista fasciculata,partridge pea
Chamaecrista nictitans,sensitive pea
Chamaecyparis thyoides,Atlantic white cedar
Chamaedaphne calyculata,leatherleaf
Chamaelirium luteum,devil's bit
Chamaenerion angustifolium,fireweed
Chasmanthium latifolium,river oats
Chelidonium diphyllum,Celandine Poppy
Chelidonium majus,Greater celandine
Chelone glabra,white turtlehead
Chelone lyonii,pink turtlehead
Chenopodiastrum hybridum,Eurasian maple-leaved goosefoot
Chenopodiastrum simplex,American maple-leaved goosefoot
Chenopodium album,Common Lambsquarters
Chenopodium berlandieri,pitseed goosefoot
Chenopodium ficifolium,Fig-leaved Goosefoot
Chimaphila maculata,striped wintergreen
Chimaphila umbellata,pipsissewa
Chionanthus virginicus,white fringetree
Chloris verticillata,tumble windmillgrass
Chromolaena odorata,Siam weed
Chrysogonum virginianum,northern green-and-gold
Chrysosplenium americanum,American golden saxifrage
Cichorium intybus,chicory
Cicuta bulbifera,bulblet-bearing water hemlock
Cicuta maculata,water hemlock
Cinna arundinacea,stout wood reed
Cinna latifolia,drooping woodreed
Circaea alpina,Alpine Enchanter's-nightshade
Circaea canadensis,broadleaf enchanter's nightshade
Cirsium arvense,creeping thistle
Cirsium discolor,field thistle
Cirsium horridulum,bristle thistle
Cirsium muticum,swamp thistle
Cirsium pumilum,pasture thistle
Cirsium vulgare,Bull Thistle
Citrullus lanatus,Watermelon
Citrus trifoliata,trifoliate orange
Cladium mariscoides,smooth saw-grass
Claopodium rostratum,Yellow Yarn Moss
Claytonia caroliniana,Carolina Springbeauty
Claytonia perfoliata,miner's lettuce
Claytonia virginica,Virginia Springbeauty
Clematis occidentalis,Purple Clematis
Clematis terniflora,autumn clematis
Clematis viorna,Vase-vine Leatherflower
Clematis virginiana,virgin's-bower
Cleome houtteana,Spider flower
Clethra alnifolia,Sweet Pepperbush
Climacium americanum,American Tree Moss
Climacium dendroides,Tree Climacium Moss
Clinopodium nepeta,Lesser Calamint
Clinopodium vulgare,Wild Basil
Clintonia borealis,bluebead lily
Colchicum autumnale,Autumn Crocus
Coleataenia longifolia,Long-leaved Redtop-Panicgrass
Coleataenia rigidula,redtop panicgrass
Collinsonia canadensis,citronella horse balm
Colutea arborescens,Bladder-senna
Comandra umbellata,bastard toadflax
Commelina communis,Asiatic dayflower
Comptonia peregrina,sweetfern
Conium maculatum,poison hemlock
Conocephalum conicum,Great Scented Liverwort
Conocephalum salebrosum,Snakewort
Conoclinium coelestinum,blue mistflower
Conopholis americana,American cancer-root
Convallaria majalis,European lily of the valley
Convallaria pseudomajalis,American lily-of-the-valley
Convolvulus arvensis,field bindweed
Convolvulus tricolor,Dwarf Morning-glory
Coptis trifolia,threeleaf goldthread
Corallorhiza maculata,spotted coralroot
Corallorhiza odontorhiza,autumn coralroot
Corallorhiza trifida,northern coralroot
Coreopsis auriculata,lobed coreopsis
Coreopsis lanceolata,Lance-leaved Coreopsis
Coreopsis rosea,Rose Coreopsis
Coreopsis tinctoria,plains coreopsis
Coreopsis tripteris,tall coreopsis
Coreopsis verticillata,Whorled Coreopsis
Coriandrum sativum,coriander
Cornus alba,Tatarian dogwood
Cornus alternifolia,alternate-leaved dogwood
Cornus amomum,silky dogwood
Cornus canadensis,Canadian bunchberry
Cornus drummondii,roughleaf dogwood
Cornus florida,flowering dogwood
Cornus kousa,kousa dogwood
Cornus mas,Cornelian cherry
Cornus obliqua,blue-fruited dogwood
Cornus officinalis,Korean cornel dogwood
Cornus racemosa,gray dogwood
Cornus rugosa,Round-leaved Dogwood
Cornus sericea,red osier dogwood
Corydalis flavula,Yellow Corydalis
Corydalis solida,Bird-in-a-bush
Corylus americana,American hazelnut
Corylus avellana,common hazel
Corylus colurna,Turkish Hazel
Corylus cornuta,beaked hazelnut
Coryphopteris simulata,Massachusetts fern
Cosmos bipinnatus,garden cosmos
Cosmos sulphureus,Yellow Cosmos
Cotinus coggygria,Smokebush
Cotoneaster divaricatus,Spreading Cotoneaster
Cotoneaster horizontalis,Wall cotoneaster
Crambe maritima,sea kale
Crassula aquatica,Aquatic pygmyweed
Crataegus biltmoreana,Biltmore Hawthorn
Crataegus crus-galli,cockspur hawthorn
Crataegus macracantha,Large-thorn hawthorn
Crataegus macrosperma,Big-fruit Hawthorn
Crataegus monogyna,common hawthorn
Crataegus phaenopyrum,Washington hawthorn
Crataegus pruinosa,waxy-fruited hawthorn
Crataegus schuettei,Schuette's Hawthorn
Crepidomanes intricatum,weft fern
Crepis capillaris,Smooth hawksbeard
Crepis tectorum,narrow-leaved hawksbeard
Crocanthemum bicknellii,plains frostweed
Crocanthemum canadense,Canada frostweed
Crocus biflorus,Silvery Crocus
Crocus chrysanthus,Snow Crocus
Crocus neapolitanus,spring crocus
Crocus speciosus,Bieberstein's Crocus
Crocus tommasinianus,Woodland crocus
Crocus vernus,Spring Crocus
Crotalaria sagittalis,arrowhead rattlebox
Cruciata pedemontana,Piedmont Bedstraw
Cryptotaenia canadensis,honewort
Cryptotaenia japonica,Japanese honewort
Cucumis melo,Muskmelon
Cucurbita maxima,winter squash
Cucurbita moschata,Squash
Cucurbita pepo,American pumpkin
Cuscuta cephalanthi,Buttonbush Dodder
Cuscuta gronovii,Scaldweed
Cuscuta pentagona,Five Angled Dodder
Cydonia oblonga,Quince
Cymbalaria muralis,Ivy-leaved toadflax
Cynoglossum amabile,Chinese forget-me-not
Cyperus bipartitus,Shining Flatsedge
Cyperus brevifolioides,Asiatic Greenhead Sedge
Cyperus dentatus,toothed flatsedge
Cyperus diandrus,Umbrella Flatsedge
Cyperus difformis,Variable Flatsedge
Cyperus engelmannii,Engelmann's Flatsedge
Cyperus erythrorhizos,redroot flatsedge
Cyperus esculentus,yellow nutsedge
Cyperus flavescens,Yellow Flatsedge
Cyperus grayi,Gray's Flatsedge
Cyperus iria,Rice flat-sedge
Cyperus lupulinus,Great Plains Flatsedge
Cyperus microiria,Asian Flatsedge
Cyperus odoratus,Fragrant flatsedge
Cyperus squarrosus,Bearded Flatsedge
Cyperus strigosus,straw-colored flatsedge
Cyperus subsquarrosus,Small-Flower Halfchaff Sedge
Cypripedium acaule,pink lady's slipper
Cypripedium parviflorum,yellow lady's slipper
Cystopteris bulbifera,bulblet fern
Cystopteris fragilis,brittle bladderfern
Cystopteris protrusa,lowland brittle fern
Cystopteris tenuis,Mackay's Fragile Fern
Cytisus scoparius,Scotch Broom
Dactylis glomerata,orchard grass
Dactylorhiza viridis,Frog Orchid
Dalea purpurea,purple prairie clover
Danthonia compressa,Flattened Oatgrass
Danthonia spicata,Poverty oatgrass
Daphne mezereum,Mezereon
Dasiphora fruticosa,shrubby cinquefoil
Datura innoxia,downy thorn-apple
Datura metel,metel devil's trumpet
Datura stramonium,jimsonweed
Datura wrightii,Sacred Datura
Daucus carota,wild carrot
Decodon verticillatus,swamp loosestrife
Delphinium ajacis,doubtful knight's-spur
Dendrolycopodium dendroideum,prickly tree-clubmoss
Dendrolycopodium hickeyi,Hickey's tree-clubmoss
Dendrolycopodium obscurum,flat-branched tree-clubmoss
Dennstaedtia punctilobula,hay-scented fern
Deparia acrostichoides,silvery glade fern
Desmodium canadense,showy tick-trefoil
Desmodium canescens,hoary tick-trefoil
Desmodium ciliare,Little-leaf Tick-clover
Desmodium cuspidatum,toothed tick-trefoil
Desmodium glabellum,tall tick-trefoil
Desmodium marilandicum,Maryland Tick-trefoil
Desmodium paniculatum,panicled ticktrefoil
Desmodium perplexum,perplexed tick-trefoil
Desmodium rotundifolium,Round-leaved Trailing Tick-trefoil
Deutzia crenata,
Dianthus armeria,Deptford pink
Dianthus barbatus,Sweet-William
Dianthus deltoides,Maiden Pink
Dicentra canadensis,squirrel corn
Dicentra cucullaria,Dutchman's breeches
Dicentra eximia,Fringed Bleeding Heart
Dicentra formosa,Pacific Bleeding Heart
Dichanthelium acuminatum,hairy rosette-panicgrass
Dichanthelium boscii,Bosc's Witchgrass
Dichanthelium clandestinum,deertongue
Dichanthelium commutatum,variable witchgrass
Dichanthelium depauperatum,Starved Witchgrass
Dichanthelium dichotomum,forked witchgrass
Dichanthelium latifolium,broad-leaved panic grass
Dichanthelium linearifolium,Slim-leaf Witchgrass
Dichanthelium microcarpon,Small-fruited Witchgrass
Dichanthelium sphaerocarpon,round-fruited rosette-panicgrass
Dicranum flagellare,Whip Fork Moss
Dicranum fulvum,boulder broom moss
Dicranum montanum,Montane Dicranum Moss
Dicranum scoparium,Broom Forkmoss
Dicranum viride,dicranum moss
Diervilla lonicera,northern bush honeysuckle
Digitalis grandiflora,Yellow Foxglove
Digitalis lanata,Woolly Foxglove
Digitalis lutea,Straw Foxglove
Digitalis purpurea,purple foxglove
Digitaria ischaemum,smooth crabgrass
Digitaria sanguinalis,Hairy Crabgrass
Diodia virginiana,buttonweed
Dioscorea polystachya,Chinese yam
Dioscorea villosa,wild yam
Diospyros virginiana,American persimmon
Diphasiastrum digitatum,fan clubmoss
Diphasiastrum tristachyum,blue clubmoss
Diphyscium foliosum,Powder Gun Moss
Diplophyllum apiculatum,Sharp-pointed Earwort
Dipsacus fullonum,wild teasel
Dipsacus laciniatus,cutleaf teasel
Dirca palustris,eastern leatherwood
Distichlis spicata,Saltgrass
Ditrichum pallidum,Pale Cow-hair Moss
Doellingeria infirma,Cornel-leaf Whitetop
Doellingeria umbellata,flat-top white aster
Doronicum pardalianches,Leopard's-bane
Draba verna,Common Whitlowgrass
Drosera intermedia,spoonleaf sundew
Drosera rotundifolia,round-leaved sundew
Drymocallis arguta,Tall Cinquefoil
Dryopteris carthusiana,spinulose wood fern
Dryopteris clintoniana,Clinton's wood fern
Dryopteris cristata,crested wood fern
Dryopteris erythrosora,autumn fern
Dryopteris filix-mas,male fern
Dryopteris goldieana,Goldie's wood fern
Dryopteris intermedia,intermediate wood fern
Dryopteris marginalis,marginal wood fern
Dulichium arundinaceum,Three-way Sedge
Dysphania ambrosioides,Mexican tea
Dysphania atriplicifolia,Winged Pigweed
Dysphania botrys,Jerusalem oak
Dysphania pumilio,Clammy goosefoot
Echinacea pallida,pale purple coneflower
Echinacea purpurea,purple coneflower
Echinochloa colona,Jungle Rice
Echinochloa crus-galli,barnyardgrass
Echinochloa muricata,rough barnyard grass
Echinochloa walteri,Walter's barnyard grass
Echinocystis lobata,prickly cucumber
Echinops bannaticus,Blue Globe-thistle
Echinops sphaerocephalus,Glandular Globe-thistle
Echium vulgare,viper's-bugloss
Eclipta prostrata,False Daisy
Elaeagnus umbellata,autumn olive
Eleocharis acicularis,Needle Spikerush
Eleocharis equisetoides,Horsetail Spikerush
Eleocharis flavescens,Yellow Spikerush
Eleocharis obtusa,Blunt Spikerush
Eleocharis palustris,common spikerush
Eleocharis quadrangulata,squarestem spikerush
Eleocharis robbinsii,Robbins' Spikerush
Eleusine indica,Goose Grass
Eleutherococcus sieboldianus,Five-fingered Aralia
Elodea canadensis,Canadian Waterweed
Elodea densa,Brazilian elodea
Elodea nuttallii,Nuttall's Waterweed
Elsholtzia ciliata,Crested Elsholtzia
Elymus canadensis,Canada wild rye
Elymus hystrix,bottlebrush grass
Elymus repens,Quack Grass
Elymus riparius,river wild rye
Elymus villosus,silky wild rye
Elymus virginicus,Virginia wildrye
Elymus wiegandii,Wiegand's wild rye
Encalypta procera,Extinguisher Moss
Entodon seductrix,seductive entodon moss
Epifagus virginiana,Beechdrops
Epigaea repens,trailing arbutus
Epilobium ciliatum,fringed willowherb
Epilobium coloratum,cinnamon willowherb
Epilobium hirsutum,Great Willowherb
Epilobium leptophyllum,Linear-leaf Willowherb
Epilobium palustre,marsh willowherb
Epilobium parviflorum,Hoary Willowherb
Epimedium alpinum,Alpine Barrenwort
Epipactis helleborine,Broad-leaved helleborine
Equisetum arvense,field horsetail
Equisetum fluviatile,water horsetail
Equisetum hyemale,rough horsetail
Equisetum pratense,meadow horsetail
Equisetum sylvaticum,wood horsetail
Equisetum variegatum,variegated horsetail
Eragrostis hypnoides,Teal Lovegrass
Eragrostis pectinacea,purple love grass
Eragrostis spectabilis,Purple Lovegrass
Eranthis hyemalis,Winter Aconite
Erechtites hieraciifolius,American burnweed
Erigeron annuus,annual fleabane
Erigeron canadensis,horseweed
Erigeron philadelphicus,Philadelphia fleabane
Erigeron pulchellus,robin's-plantain
Erigeron strigosus,daisy fleabane
Eriocaulon aquaticum,Common Pipewort
Eriocaulon parkeri,Parker's pipewort
Eriophorum tenellum,rough cottongrass
Eriophorum virginicum,tawny cottongrass
Erodium cicutarium,Redstem Stork's-bill
Eruca vesicaria,rocketsalad
Erucastrum gallicum,Hairy Rocket
Eryngium yuccifolium,rattlesnake master
Erysimum capitatum,Western Wallflower
Erysimum cheiranthoides,wormseed wallflower
Erysimum repandum,Spreading Wallflower
Erythronium albidum,white fawnlily
Erythronium americanum,yellow trout lily
Eschscholzia californica,California poppy
Eubotrys racemosus,fetterbush
Euonymus alatus,winged euonymus
Euonymus atropurpureus,wahoo
Euonymus europaeus,Spindle
Euonymus fortunei,fortune's spindle
Euonymus hamiltonianus,Hamilton's spindle
Euonymus japonicus,Japanese spindle tree
Eupatorium altissimum,tall boneset
Eupatorium capillifolium,dogfennel
Eupatorium hyssopifolium,hyssopleaf thoroughwort
Eupatorium perfoliatum,common boneset
Eupatorium pilosum,rough boneset
Eupatorium pubescens,roundleaf thoroughwort
Eupatorium serotinum,late boneset
Eupatorium sessilifolium,upland boneset
Eupatorium subvenosum,veined thoroughwort
Euphorbia cyparissias,cypress spurge
Euphorbia dulcis,Sweet Spurge
Euphorbia epithymoides,Cushion Spurge
Euphorbia esula,leafy spurge
Euphorbia graminea,Grassleaf Spurge
Euphorbia hypericifolia,graceful spurge
Euphorbia lathyris,caper spurge
Euphorbia maculata,Spotted spurge
Euphorbia marginata,snow-on-the-mountain
Euphorbia myrsinites,Donkey Tail
Euphorbia nutans,nodding spurge
Euphorbia oblongata,eggleaf spurge
Euphorbia ophthalmica,Florida Hammock Sandmat
Euphorbia peplus,Petty Spurge
Euphorbia polygonifolia,seaside sandmat
Euphorbia prostrata,prostrate sandmat
Euphorbia virgata,slender leafy spurge
Euphrasia nemorosa,Common Eyebright
Euphrosyne xanthiifolia,Marshelder
Eurybia divaricata,White Wood Aster
Eurybia macrophylla,large-leaved aster
Eurybia schreberi,Schreber's Wood Aster
Eurybia spectabilis,purple wood aster
Euthamia caroliniana,slender goldentop
Euthamia graminifolia,flat-topped goldenrod
Eutrochium dubium,coastal plain Joe-Pye weed
Eutrochium fistulosum,Hollow Joe-Pye Weed
Eutrochium maculatum,spotted Joe-Pye weed
Eutrochium purpureum,sweet Joe-Pye-weed
Fagopyrum esculentum,Common Buckwheat
Fagus grandifolia,American beech
Fagus sylvatica,European beech
Fallopia convolvulus,Black-bindweed
Fallopia cristata,Climbing Buckwheat
Fallopia dumetorum,Copse-bindweed
Fallopia scandens,climbing false buckwheat
Fatoua villosa,hairy crabweed
Festuca myuros,rattail sixweeks grass
Festuca octoflora,sixweeks grass
Festuca subverticillata,Nodding Fescue
Ficaria verna,lesser celandine
Filipendula rubra,queen of the prairie
Filipendula ulmaria,Meadowsweet
Filipendula vulgaris,Dropwort
Fimbristylis autumnalis,Slender Fimbry
Fissidens dubius,Rock Pocket-moss
Fissidens fontanus,Water Pocket Moss
Fissidens taxifolius,Common Pocket-moss
Floerkea proserpinacoides,false mermaid
Foeniculum vulgare,fennel
Fontinalis antipyretica,Willow Moss
Fontinalis dalecarlica,Cupped Water Moss
Fontinalis hypnoides,
Fontinalis novae-angliae,New England Willowmoss
Forsstroemia trichomitria,fan moss
Forsythia suspensa,Golden-bell
Forsythia viridissima,Greenstem Forsythia
Fragaria vesca,woodland strawberry
Fragaria virginiana,Virginia strawberry
Frangula alnus,alder buckthorn
Fraxinus americana,white ash
Fraxinus nigra,black ash
Fraxinus pennsylvanica,green ash
Fritillaria meleagris,snake's-head fritillary
Froelichia gracilis,Slender Snakecotton
Frullania asagrayana,Asa Gray's Scalewort
Frullania eboracensis,New York Scalewort
Fumaria officinalis,Common Fumitory
Funaria hygrometrica,Bonfire moss
Gaillardia pulchella,firewheel
Galanthus elwesii,greater snowdrop
Galanthus nivalis,common snowdrop
Galanthus woronowii,Green Snowdrop
Galax urceolata,galax
Galearis spectabilis,showy orchis
Galeopsis bifida,Bifid Hemp-nettle
Galeopsis tetrahit,Common hemp-nettle
Galinsoga parviflora,Gallant Soldier
Galinsoga quadriradiata,shaggy soldier
Galium album,white bedstraw
Galium aparine,catchweed bedstraw
Galium asprellum,rough bedstraw
Galium boreale,Northern Bedstraw
Galium circaezans,licorice bedstraw
Galium lanceolatum,Torrey's Wild Licorice
Galium mollugo,Hedge Bedstraw
Galium obtusum,Bluntleaf Bedstraw
Galium odoratum,Sweet Woodruff
Galium palustre,Common Marsh-bedstraw
Galium pilosum,Hairy bedstraw
Galium tinctorium,Stiff Marsh Bedstraw
Galium trifidum,three-petal bedstraw
Galium triflorum,fragrant bedstraw
Galium verum,Lady's Bedstraw
Gamochaeta purpurea,Purple Cudweed
Gaultheria hispidula,creeping snowberry
Gaultheria procumbens,Eastern Teaberry
Gaylussacia baccata,black huckleberry
Gaylussacia bigeloviana,northern dwarf huckleberry
Gaylussacia dumosa,dwarf huckleberry
Gaylussacia frondosa,dangleberry
Gentiana andrewsii,closed bottle gentian
Gentiana clausa,bottle gentian
Gentianopsis crinita,greater fringed gentian
Geranium carolinianum,Carolina crane's-bill
Geranium dissectum,Cut-leaved crane's-bill
Geranium macrorrhizum,Rock Crane's-bill
Geranium maculatum,wild geranium
Geranium molle,Dove's-foot crane's-bill
Geranium phaeum,Dusky Crane's-bill
Geranium pratense,Meadow Crane's-bill
Geranium robertianum,Herb Robert
Geranium sanguineum,Bloody Crane's-bill
Geranium sylvaticum,wood crane's-bill
Geranium thunbergii,Thunberg's Geranium
Geum canadense,white avens
Geum laciniatum,rough avens
Geum rivale,Water Avens
Geum triflorum,prairie smoke
Geum urbanum,Wood Avens
Geum vernum,Spring Avens
Geum virginianum,cream-colored avens
Gilia tricolor,bird's-eye gilia
Gillenia stipulata,American ipecac
Gillenia trifoliata,Bowman's root
Ginkgo biloba,ginkgo
Glaucium flavum,Yellow Horned Poppy
Glechoma hederacea,ground-ivy
Gleditsia triacanthos,honey locust
Glossostigma cleistanthum,Mudmat
Glyceria canadensis,rattlesnake mannagrass
Glyceria melicaria,Slender Mannagrass
Glyceria obtusa,Blunt Mannagrass
Glyceria septentrionalis,Floating Mannagrass
Glyceria striata,Fowl Mannagrass
Gnaphalium uliginosum,marsh cudweed
Goodyera pubescens,downy rattlesnake plantain
Goodyera tesselata,checkered rattlesnake plantain
Gratiola aurea,golden hedge-hyssop
Gratiola neglecta,clammy hedge-hyssop
Greeneochloa coarctata,Nuttall's Reedgrass
Grimmia laevigata,Grimmia Dry Rock Moss
Grimmia pilifera,Grimmia Dry Rock Moss
Gymnocarpium dryopteris,northern oak fern
Gymnocladus dioicus,Kentucky coffeetree
Gypsophila elegans,showy baby's-breath
Gypsophila vaccaria,Cowherb
Hackelia virginiana,virginia stickseed
Hakonechloa macra,Japanese forest grass
Halesia carolina,Carolina Silverbell
Halesia tetraptera,mountain silverbell
Hamamelis vernalis,ozark witch-hazel
Hamamelis virginiana,american witch-hazel
Hasteola suaveolens,False Indian Plantain
Hedeoma pulegioides,American pennyroyal
Hedera helix,common ivy
Hedera hibernica,Atlantic Ivy
Hedwigia ciliata,Ciliate Hoarmoss
Helenium autumnale,common sneezeweed
Helenium flexuosum,Southern Sneezeweed
Helianthus annuus,Common Sunflower
Helianthus decapetalus,pale sunflower
Helianthus divaricatus,woodland sunflower
Helianthus giganteus,giant sunflower
Helianthus maximiliani,Maximilian sunflower
Helianthus mollis,ashy sunflower
Helianthus tuberosus,Jerusalem artichoke
Heliopsis helianthoides,false sunflower
Helleborus foetidus,Stinking hellebore
Helleborus orientalis,Lenten-rose
Hemerocallis fulva,orange day-lily
Hepatica acutiloba,sharp-lobed hepatica
Hepatica americana,round-lobed hepatica
Heracleum maximum,common cowparsnip
Herniaria glabra,Smooth Rupturewort
Hesperis matronalis,dame's rocket
Heteranthera dubia,water star-grass
Heteranthera reniformis,Kidneyleaf mud plantain
Heuchera americana,American alumroot
Hexasepalum teres,rough buttonweed
Hibiscus coccineus,Scarlet Rosemallow
Hibiscus moscheutos,swamp rose mallow
Hibiscus syriacus,common hibiscus
Hibiscus trionum,flower-of-an-hour
Hieracium gronovii,Beaked Hawkweed
Hieracium lachenalii,common hawkweed
Hieracium paniculatum,Panicled Hawkweed
Hieracium sabaudum,New England Hawkweed
Hieracium scabrum,rough hawkweed
Hieracium umbellatum,Canada hawkweed
Hieracium venosum,rattlesnakeweed
Holcus lanatus,Yorkshire fog
Homalosorus pycnocarpos,narrow-leaved glade fern
Honckenya peploides,Sea Sandwort
Hordeum jubatum,Foxtail Barley
Hosta lancifolia,Narrow-leaved Plantain-lily
Hosta ventricosa,Blue Plantain-lily
Hottonia inflata,Featherfoil
Houstonia caerulea,azure bluet
Houstonia longifolia,long-leaved bluets
Houstonia purpurea,summer bluet
Houstonia pusilla,tiny bluet
Houttuynia cordata,Chameleon Plant
Hudsonia ericoides,pine barren goldenheather
Hudsonia tomentosa,woolly beachheather
Humulus lupulus,common hops
Humulus scandens,Japanese Hops
Huperzia lucidula,shining firmoss
Hyacinthoides hispanica,Spanish Bluebell
Hyacinthoides non-scripta,bluebell
Hyacinthus orientalis,Hyacinth
Hydrangea arborescens,wild hydrangea
Hydrangea petiolaris,Climbing Hydrangea
Hydrangea quercifolia,oakleaf hydrangea
Hydrastis canadensis,Goldenseal
Hydrilla verticillata,Hydrilla
Hydrocotyle americana,American Water-pennywort
Hydrocotyle batrachium,
Hydrocotyle ranunculoides,floating marsh pennywort
Hydrocotyle sibthorpioides,Sibthorp's Pennywort
Hydrocotyle umbellata,manyflower marshpennywort
Hydrophyllum virginianum,Virginia waterleaf
Hylocomiadelphus triquetrus,rough goose neck moss
Hylocomium splendens,stairstep moss
Hylodesmum glutinosum,pointed-leaved tick-trefoil
Hylodesmum nudiflorum,naked-flowered tick-trefoil
Hylotelephium telephium,Orpine
Hymenoloma crispulum,mountain pincushion
Hypericum ascyron,Great St. John's Wort
Hypericum boreale,Northern St. John's-wort
Hypericum calycinum,Rose-of-sharon
Hypericum canadense,Canada St. John's wort
Hypericum ellipticum,pale St. John's-wort
Hypericum gentianoides,pineweed
Hypericum majus,large canadian st. john's-wort
Hypericum mutilum,Dwarf St. John's Wort
Hypericum perforatum,Common St. John's Wort
Hypericum prolificum,shrubby St. John's-wort
Hypericum punctatum,spotted St. John's wort
Hypericum virginicum,Virginia marsh St. John's-wort
Hypnum cupressiforme,Cypress-leaved Plait-moss
Hypochaeris radicata,Common Cat's-ear
Hypoxis hirsuta,yellow star grass
Ilex aquifolium,European holly
Ilex crenata,Japanese holly
Ilex glabra,gallberry
Ilex laevigata,Smooth Winterberry
Ilex montana,Mountain Winterberry
Ilex mucronata,Mountain holly
Ilex opaca,American holly
Ilex verticillata,winterberry holly
Impatiens balsamina,Garden balsam
Impatiens capensis,common jewelweed
Impatiens glandulifera,Himalayan balsam
Impatiens pallida,pale jewelweed
Impatiens walleriana,Busy Lizzie
Inula helenium,Elecampane
Ionactis linariifolia,Flax-leaved Aster
Ipheion uniflorum,Spring starflower
Ipomoea alba,Moonflower
Ipomoea hederacea,ivy-leaved morning-glory
Ipomoea purpurea,common morning-glory
Ipomoea quamoclit,Cypress Vine
Ipomoea tricolor,Garden Morning Glory
Iris cristata,dwarf crested iris
Iris domestica,Blackberry Lily
Iris pallida,Sweet Iris
Iris prismatica,Slender Blue Flag
Iris pseudacorus,Yellow Iris
Iris reticulata,Netted Iris
Iris sanguinea,Japanese Iris
Iris versicolor,northern blue flag
Iris virginica,southern blue flag
Isoetes echinospora,spiny-spored quillwort
Isoetes engelmannii,Engelmann's quillwort
Isotria medeoloides,Small Whorled Pogonia
Isotria verticillata,Large Whorled Pogonia
Itea virginica,Virginia sweetspire
Iva frutescens,marsh elder
Jacobaea maritima,Dusty miller
Jasione montana,Sheep's-bit
Jeffersonia diphylla,twinleaf
Jochenia pallescens,lesser plait moss
Jubula pennsylvanica,
Juglans ailantifolia,Japanese walnut
Juglans cinerea,Butternut
Juglans nigra,eastern black walnut
Juglans regia,Persian walnut
Juncus acuminatus,tapered rush
Juncus anthelatus,greater poverty rush
Juncus canadensis,Canada Rush
Juncus compressus,Flattened Rush
Juncus dichotomus,Forked Rush
Juncus effusus,Soft Rush
Juncus gerardi,Saltmeadow Rush
Juncus greenei,Greene's Rush
Juncus marginatus,Grass-leaved Rush
Juncus militaris,Bayonet Rush
Juncus nodosus,Knotted Rush
Juncus pelocarpus,Brown-fruit Rush
Juncus pylaei,Pylaie's Soft Rush
Juncus secundus,Secund Rush
Juncus tenuis,Slender Path Rush
Juniperus communis,common juniper
Juniperus horizontalis,creeping juniper
Juniperus virginiana,eastern redcedar
Kalmia angustifolia,sheep laurel
Kalmia latifolia,mountain laurel
Kalmia polifolia,Swamp Laurel
Kalopanax septemlobus,Castor-Aralia
Kellochloa verrucosa,warty panic grass
Kerria japonica,Japanese Kerria
Kickxia elatine,Sharp-leaved Fluellen
Kirengeshoma palmata,Yellow waxbells
Knautia arvensis,Field Scabious
Koeleria macrantha,Prairie Junegrass
Koelreuteria paniculata,golden rain tree
Kolkwitzia amabilis,Beauty Bush
Krigia biflora,Two-flower Dwarf-dandelion
Krigia virginica,Virginia dwarfdandelion
Kummerowia stipulacea,Korean bushclover
Kummerowia striata,Japanese Clover
Lablab purpureus,Hyacinth bean
Lactuca biennis,tall blue lettuce
Lactuca canadensis,Canada wild lettuce
Lactuca hirsuta,hairy lettuce
Lactuca serriola,prickly lettuce
Lagenaria siceraria,Calabash
Lamium amplexicaule,henbit deadnettle
Lamium galeobdolon,yellow archangel
Lamium hybridum,cutleaf deadnettle
Lamium maculatum,Spotted deadnettle
Lamium purpureum,red deadnettle
Lamprocapnos spectabilis,Asian Bleeding-heart
Laportea canadensis,wood nettle
Lapsana communis,nipplewort
Larix decidua,European larch
Larix laricina,tamarack
Lathyrus japonicus,seaside pea
Lathyrus latifolius,broad-leaved sweet pea
Lathyrus sphaericus,Grass Pea
Lathyrus sylvestris,Narrow-leaved Everlasting-pea
Lathyrus vernus,spring vetch
Lechea intermedia,narrowleaf pinweed
Lechea maritima,Beach Pinweed
Lechea mucronata,Hairy Pinweed
Lechea pulchella,Leggett's Pinweed
Lechea tenuifolia,slender pinweed
Leersia oryzoides,rice cutgrass
Leersia virginica,white grass
Lemna minor,Common Duckweed
Lemna trisulca,Ivy-leaved Duckweed
Leonotis leonurus,Common Lionspaw
Leonurus cardiaca,common motherwort
Lepidium campestre,field peppergrass
Lepidium densiflorum,Common Peppergrass
Lepidium didymum,Lesser swine-cress
Lepidium heterophyllum,Smith's Cress
Lepidium latifolium,broadleaved pepperweed
Lepidium ruderale,Narrow-leaved Pepperwort
Lepidium virginicum,Virginia pepperweed
Lepidozia reptans,Creeping Fingerwort
Lespedeza bicolor,shrub lespedeza
Lespedeza capitata,round-headed bush clover
Lespedeza cuneata,Chinese bushclover
Lespedeza frutescens,violet bush clover
Lespedeza hirta,hairy lespedeza
Lespedeza procumbens,trailing lespedeza
Lespedeza repens,creeping lespedeza
Lespedeza stuevei,tall bush-clover
Lespedeza violacea,violet bush clover
Lespedeza virginica,slender bush clover
Leucanthemum maximum,max chrysanthemum
Leucanthemum vulgare,oxeye daisy
Leucobryum albidum,white moss
Leucobryum glaucum,Pincushion Moss
Leucojum aestivum,Summer snowflake
Leucojum vernum,Spring Snowflake
Leucothoe axillaris,Swamp Dog-laurel
Leucothoe fontanesiana,mountain doghobble
Levisticum officinale,Lovage
Liatris novae-angliae,New England blazing star
Liatris pycnostachya,prairie blazing star
Liatris scariosa,devil's bite
Liatris spicata,dense blazing star
Ligularia dentata,Leopardplant
Ligustrum obtusifolium,border privet
Ligustrum ovalifolium,garden privet
Ligustrum sinense,Chinese privet
Ligustrum vulgare,Common Privet
Lilium canadense,Canada lily
Lilium lancifolium,tiger lily
Lilium martagon,Martagon Lily
Lilium philadelphicum,Wood Lily
Lilium superbum,Turk's-cap lily
Limnanthes douglasii,Douglas' meadowfoam
Limonium carolinianum,Carolina Sea Lavender
Limonium sinuatum,Blue statice
Limosella australis,delta mudwort
Linaria canadensis,Canada toadflax
Linaria maroccana,Annual Toadflax
Linaria purpurea,Purple Toadflax
Linaria vulgaris,common toadflax
Lindera benzoin,northern spicebush
Lindernia anagallidea,Slender False Pimpernel
Lindernia dubia,Yellowseed False Pimpernel
Lindernia grandiflora,Savannah False Pimpernel
Linum grandiflorum,Scarlet Flax
Linum perenne,perennial flax
Linum striatum,Ridged Yellow Flax
Linum usitatissimum,common flax
Lipandra polysperma,Many-seeded Goosefoot
Liparis liliifolia,large twayblade
Liquidambar styraciflua,American sweetgum
Liriodendron tulipifera,American tuliptree
Liriope muscari,Liriope
Lithospermum virginianum,Virginia marbleseed
Lobelia cardinalis,cardinal flower
Lobelia dortmanna,Water Lobelia
Lobelia erinus,Garden Lobelia
Lobelia inflata,Indian tobacco
Lobelia kalmii,Kalm's Lobelia
Lobelia siphilitica,great blue lobelia
Lobelia spicata,pale-spiked lobelia
Lobularia maritima,sweet alyssum
Lolium arundinaceum,tall fescue
Lolium multiflorum,Italian Ryegrass
Lolium perenne,Perennial Ryegrass
Lonicera canadensis,American fly-honeysuckle
Lonicera dioica,Glaucous Honeysuckle
Lonicera fragrantissima,Winter honeysuckle
Lonicera japonica,Japanese honeysuckle
Lonicera maackii,Amur honeysuckle
Lonicera morrowii,Morrow's honeysuckle
Lonicera periclymenum,Common Honeysuckle
Lonicera sempervirens,coral honeysuckle
Lonicera tatarica,Tatarian honeysuckle
Lophocolea bidentata,Bifid Crestwort
Lophocolea heterophylla,Various-leaved Crestwort
Lophocolea minor,Lesser Crestwort
Lotus corniculatus,bird's-foot trefoil
Lotus pedunculatus,greater bird's-foot-trefoil
Lotus tenuis,narrow-leaf bird's-foot trefoil
Ludwigia alternifolia,Seedbox
Ludwigia palustris,Water Purslane
Ludwigia sphaerocarpa,Globefruit Primrose-willow
Lunaria annua,Annual Honesty
Lupinus perennis,Sundial Lupine
Lupinus polyphyllus,Large-leaved lupine
Luzula acuminata,hairy woodrush
Luzula multiflora,heath wood-rush
Lycium barbarum,matrimony vine
Lycopodiella appressa,appressed bog clubmoss
Lycopodiella inundata,inundated bog clubmoss
Lycopodium clavatum,stag's-horn clubmoss
Lycopus americanus,American bugleweed
Lycopus amplectens,clasping water horehound
Lycopus rubellus,taperleaf waterhorehound
Lycopus uniflorus,northern bugleweed
Lycopus virginicus,sweet bugleweed
Lycoris radiata,red spider lily
Lycoris squamigera,Surprise Lily
Lygodium palmatum,Hartford fern
Lyonia ligustrina,He-huckleberry
Lysimachia arvensis,scarlet pimpernel
Lysimachia borealis,northern starflower
Lysimachia ciliata,fringed loosestrife
Lysimachia clethroides,Gooseneck Loosestrife
Lysimachia hybrida,Lowland Loosestrife
Lysimachia japonica,miniature moneywort
Lysimachia nummularia,creeping Jenny
Lysimachia punctata,Dotted Loosestrife
Lysimachia quadrifolia,whorled loosestrife
Lysimachia terrestris,swamp candles
Lysimachia thyrsiflora,Tufted Loosestrife
Lysimachia vulgaris,Yellow Loosestrife
Lythrum salicaria,purple loosestrife
Macleaya cordata,Plume Poppy
Maclura pomifera,Osage-orange
Magnolia acuminata,Cucumber-tree
Magnolia kobus,Kobus magnolia
Magnolia macrophylla,bigleaf magnolia
Magnolia stellata,star magnolia
Magnolia tripetala,umbrella magnolia
Magnolia virginiana,sweetbay magnolia
Maianthemum canadense,Canada mayflower
Maianthemum racemosum,Solomon's plume
Maianthemum stellatum,star-flowered lily-of-the-valley
Maianthemum trifolium,three-leaved false Solomon’s seal
Malaxis brachypoda,White Adder's-mouth
Malaxis unifolia,green adder's-mouth
Malcolmia maritima,Virginia Stock
Malus angustifolia,southern crabapple
Malus baccata,Siberian crabapple
Malus domestica,apple
Malus hupehensis,Hupeh Crabapple
Malus prunifolia,Pear-leaf Crabapple
Malus sylvestris,European Wild Apple
Malus toringo,Toringo Crabapple
Malva alcea,Greater Musk-mallow
Malva moschata,musk mallow
Malva neglecta,dwarf mallow
Malva parviflora,cheeseweed mallow
Malva sylvestris,Common Mallow
Marchantia polymorpha,Common Liverwort
Marchantia quadrata,Narrow Mushroom-headed Liverwort
Marsilea quadrifolia,clover fern
Marsupella emarginata,Notched Rustwort
Matricaria chamomilla,German Chamomile
Matricaria discoidea,pineapple-weed
Matteuccia struthiopteris,ostrich fern
Mazus miquelii,Miquel's mazus
Mazus pumilus,Asian mazus
Medeola virginiana,Cucumber Root
Medicago lupulina,Black Medick
Medicago sativa,Alfalfa
Melampyrum lineare,narrowleaf cow wheat
Melilotus albus,White Sweetclover
Melilotus officinalis,Yellow Sweetclover
Melissa officinalis,lemon balm
Menispermum canadense,moonseed
Mentha aquatica,watermint
Mentha arvensis,corn mint
Mentha canadensis,Canada mint
Mentha spicata,spearmint
Menyanthes trifoliata,Bogbean
Mertensia virginica,Virginia bluebells
Metasequoia glyptostroboides,dawn redwood
Metzgeria conjugata,Rock Veilwort
Metzgeria furcata,Forked Veilwort
Micranthes pensylvanica,Swamp Saxifrage
Micranthes virginiensis,Virginia saxifrage
Microstegium vimineum,Japanese stiltgrass
Mikania scandens,climbing hempvine
Mimulus alatus,sharpwing monkeyflower
Mimulus ringens,Allegheny monkeyflower
Mirabilis jalapa,marvel of Peru
Mirabilis nyctaginea,Wild Four o'Clock
Miscanthus sinensis,Chinese silver grass
Mitchella repens,partridgeberry
Mitella diphylla,twoleaf miterwort
Mitella nuda,naked bishop's cap
Mnium hornum,Horn Calcareous Moss
Moehringia lateriflora,bluntleaf sandwort
Mollugo verticillata,green carpetweed
Monarda bradburyana,Eastern Beebalm
Monarda citriodora,lemon beebalm
Monarda didyma,Scarlet Beebalm
Monarda fistulosa,wild bergamot
Monarda punctata,spotted horsemint
Mononeuria glabra,Appalachian sandwort
Monotropa hypopitys,pinesap
Monotropa uniflora,Ghost Pipe
Morella pensylvanica,northern bayberry
Morus alba,white mulberry
Morus indica,Korean mulberry
Morus rubra,red mulberry
Muhlenbergia schreberi,nimblewill
Muhlenbergia tenuiflora,Slim-flower Muhly
Muhlenbergia uniflora,fall dropseed muhly
Mummenhoffia alliacea,garlic penny-cress
Muscari armeniacum,Garden Grape-hyacinth
Muscari azureum,Azure Grape-hyacinth
Muscari botryoides,common grape hyacinth
Muscari neglectum,Musk Hyacinth
Mycelis muralis,Wall Lettuce
Myosotis arvensis,field forget-me-not
Myosotis discolor,Changing Forget-me-not
Myosotis laxa,bay forget-me-not
Myosotis scorpioides,water forget-me-not
Myosotis stricta,blue forget-me-not
Myosotis sylvatica,Wood Forget-me-not
Myosotis verna,early forget-me-not
Myrica gale,bog myrtle
Myriophyllum heterophyllum,Broadleaf Water-milfoil
Myriophyllum humile,Low Water-milfoil
Myriophyllum sibiricum,Siberian water-milfoil
Myriophyllum spicatum,Eurasian water-milfoil
Myriophyllum verticillatum,whorled water-milfoil
Myriopteris lanosa,Hairy Lip Fern
Myrrhis odorata,sweet cicely
Nabalus albus,white rattlesnake root
Nabalus altissimus,tall rattlesnake root
Nabalus serpentaria,lion's foot rattlesnake root
Nabalus trifoliolatus,three-leaved rattlesnake root
Najas guadalupensis,southern waternymph
Najas minor,Brittle Naiad
Narcissus bulbocodium,hoop-petticoat daffodil
Narcissus poeticus,Poet's Narcissus
Narcissus pseudonarcissus,wild daffodil
Narcissus tazetta,Bunch-flowered Daffodil
Narcissus triandrus,Angel's-tears
Nasturtium microphyllum,Narrow-fruited Watercress
Nasturtium officinale,watercress
Neckera pennata,shingle moss
Neillia incisa,Laceshrub
Nemophila maculata,fivespot
Nemophila menziesii,Menzies' baby blue eyes
Nepeta cataria,Catnip
Nigella damascena,love-in-a-mist
Nipponanthemum nipponicum,Nippon daisy
Notothylas orbicularis,Round Hornwort
Nowellia curvifolia,Rustwort
Nuphar advena,spatterdock
Nuphar variegata,Variegated Yellow Pond-Lily
Nyholmiella obtusifolia,Blunt-leaved Bristle Moss
Nymphaea odorata,American white waterlily
Nymphoides cordata,little floatingheart
Nymphoides peltata,water fringe
Nyssa sylvatica,Black Tupelo
Oclemena acuminata,whorled wood aster
Oclemena nemoralis,bog aster
Odontites vulgaris,Red Odontites
Odontoschisma denudatum,Matchstick Flapwort
Oenanthe javanica,Java water-dropwort
Oenothera biennis,common evening-primrose
Oenothera laciniata,cutleaf evening primrose
Oenothera lindheimeri,clockweed
Oenothera nutans,Nodding Evening-Primose
Oenothera oakesiana,Oakes' Evening-primrose
Oenothera parviflora,northern evening-primrose
Oenothera perennis,Small Sundrops
Oenothera pilosella,meadow evening primrose
Oenothera rubricaulis,Red-stalked evening primrose
Oenothera speciosa,Pinkladies
Oldenlandia corymbosa,Old World Diamond Flower
Onoclea sensibilis,sensitive fern
Ophioglossum pusillum,northern adder's-tongue
Opuntia cespitosa,Eastern Pricklypear
Opuntia humifusa,low pricklypear
Origanum vulgare,Oregano
Ornithogalum nutans,Drooping Star-of-Bethlehem
Ornithogalum umbellatum,common star-of-Bethlehem
Orontium aquaticum,Golden Club
Orthotrichum anomalum,Anomalous Bristle-moss
Orthotrichum pusillum,
Orthotrichum stellatum,Starry Bristle Moss
Oryzopsis asperifolia,White-grained Mountain-ricegrass
Osmanthus heterophyllus,holly olive
Osmorhiza claytonii,hairy sweet cicely
Osmorhiza longistylis,aniseroot
Osmunda claytoniana,interrupted fern
Osmunda spectabilis,American Royal Fern
Osmundastrum cinnamomeum,cinnamon fern
Ostrya virginiana,American hophornbeam
Oxalis corniculata,Creeping Woodsorrel
Oxalis debilis,Largeflower pink-sorrel
Oxalis dillenii,slender yellow woodsorrel
Oxalis montana,mountain woodsorrel
Oxalis stricta,upright yellow woodsorrel
Oxalis violacea,violet woodsorrel
Oxybasis glauca,oak-leaved goosefoot
Oxydendrum arboreum,sourwood
Pachysandra procumbens,Allegheny Spurge
Pachysandra terminalis,Japanese pachysandra
Packera aurea,golden ragwort
Packera obovata,roundleaf ragwort
Packera paupercula,balsam ragwort
Paeonia lactiflora,Chinese peony
Pallavicinia lyellii,Ribbonwort
Palustricodon aparinoides,Marsh Bellflower
Panax quinquefolius,American ginseng
Panax trifolius,dwarf ginseng
Panicum amarum,Bitter Panicgrass
Panicum capillare,witch grass
Panicum dichotomiflorum,Smooth Witchgrass
Panicum virgatum,switchgrass
Papaver atlanticum,Atlas Poppy
Papaver orientale,Oriental Poppy
Papaver rhoeas,common poppy
Papaver somniferum,opium poppy
Parietaria pensylvanica,Pennsylvania pellitory
Parnassia glauca,fen grass of Parnassus
Parogonum ciliinode,fringed black bindweed
Paronychia canadensis,forked nailwort
Parthenium integrifolium,wild quinine
Parthenocissus inserta,thicket creeper
Parthenocissus quinquefolia,Virginia creeper
Parthenocissus tricuspidata,Japanese creeper
Paspalum laeve,Field Paspalum
Paspalum setaceum,Thin Paspalum
Paspalum thunbergii,
Passiflora incarnata,purple passionflower
Pastinaca sativa,wild parsnip
Patis racemosa,black-fruit mountain-ricegrass
Paulownia tomentosa,princess tree
Pedicularis canadensis,Canadian lousewort
Pedicularis lanceolata,swamp lousewort
Pellaea atropurpurea,purple-stem cliffbrake
Pellia epiphylla,common pellia
Pellia neesiana,Ring Pellia
Peltandra virginica,Green Arrow Arum
Penstemon digitalis,foxglove beardtongue
Penstemon hirsutus,hairy beardtongue
Penstemon pallidus,pale beardtongue
Penthorum sedoides,ditch stonecrop
Perilla frutescens,beefsteak plant
Persicaria amphibia,water smartweed
Persicaria arifolia,halberd-leaved tearthumb
Persicaria extremiorientalis,Far Eastern smartweed
Persicaria filiformis,Asian jumpseed
Persicaria hydropiper,waterpepper
Persicaria hydropiperoides,swamp smartweed
Persicaria lapathifolia,pale smartweed
Persicaria longiseta,low smartweed
Persicaria maculosa,spotted lady's thumb
Persicaria orientalis,kiss-me-over-the-garden-gate
Persicaria pensylvanica,pinkweed
Persicaria perfoliata,mile-a-minute weed
Persicaria punctata,Dotted Smartweed
Persicaria sagittata,arrow-leaved tearthumb
Persicaria virginiana,American jumpseed
Petasites hybridus,Common Butterbur
Petasites japonicus,Giant Butterbur
Petrorhagia prolifera,Proliferous Pink
Petrorhagia saxifraga,Tunicflower
Petrosedum orientale,
Petrosedum rupestre,Reflexed Stonecrop
Petroselinum crispum,garden parsley
Petunia integrifolia,violetflower petunia
Phacelia campanularia,desert bluebells
Phacelia tanacetifolia,Lacy phacelia
Phaeoceros carolinianus,Carolina hornwort
Phalaris arundinacea,reed canary grass
Phedimus ellacombeanus,yellow stonecrop
Phedimus kamtschaticus,Kamchatka Stonecrop
Phedimus spurius,Caucasian Stonecrop
Phegopteris connectilis,long beech fern
Phegopteris hexagonoptera,broad beech fern
Phellodendron amurense,Amur Corktree
Philadelphus coronarius,Sweet Mock Orange
Philadelphus inodorus,Scentless Mock Orange
Philonotis fontana,Fountain Apple-moss
Phleum pratense,Timothy grass
Phlox divaricata,blue phlox
Phlox paniculata,fall phlox
Phlox stolonifera,creeping phlox
Phlox subulata,moss phlox
Phragmites australis,common reed
Phryma leptostachya,American lopseed
Phyllostachys aurea,fishpole bamboo
Phyllostachys aureosulcata,Yellow groove bamboo
Physalis grisea,Strawberry Groundcherry
Physalis heterophylla,clammy groundcherry
Physalis longifolia,long-leaved groundcherry
Physalis peruviana,Cape gooseberry
Physalis philadelphica,Large-flowered Tomatillo
Physcomitrium pyriforme,common bladder moss
Physocarpus opulifolius,common ninebark
Physostegia virginiana,obedient plant
Phytolacca americana,American pokeweed
Picea abies,Norway spruce
Picea glauca,white spruce
Picea mariana,black spruce
Picea orientalis,Oriental spruce
Picea pungens,blue spruce
Picea rubens,red spruce
Pieris floribunda,mountain andromeda
Pieris japonica,Japanese andromeda
Pilea fontana,springs clearweed
Pilea microphylla,Artillery Plant
Pilea pumila,Canada clearweed
Pilosella aurantiaca,orange hawkweed
Pilosella caespitosa,meadow hawkweed
Pilosella officinarum,mouse-eared hawkweed
Pilosella piloselloides,smooth hawkweed
Pinellia ternata,Crowdipper
Pinus nigra,black pine
Pinus resinosa,red pine
Pinus rigida,pitch pine
Pinus strobus,eastern white pine
Pinus sylvestris,Scots pine
Pinus thunbergii,Japanese black pine
Pinus virginiana,Virginia pine
Piptochaetium avenaceum,Blackseed Needlegrass
Pistia stratiotes,Water Lettuce
Pisum sativum,Common Pea
Pityopsis falcata,Sickleleaf Silk-grass
Plagiochila porelloides,lesser featherwort
Plagiomnium ciliare,Wavy-leaf Moss
Plagiomnium cuspidatum,Woodsy Thyme-moss
Plagiomnium ellipticum,Marsh Thyme-moss
Plagiothecium laetum,Bright Silk-moss
Plantago arenaria,Branched Plantain
Plantago aristata,bracted plantain
Plantago lanceolata,ribwort plantain
Plantago major,greater plantain
Plantago maritima,Sea Plantain
Plantago rugelii,American plantain
Plantago virginica,dwarf plantain
Platanthera aquilonis,north wind bog orchid
Platanthera blephariglottis,White-fringed Orchid
Platanthera ciliaris,orange-fringed orchid
Platanthera clavellata,small green wood orchid
Platanthera flava,pale green orchid
Platanthera grandiflora,Greater Purple Fringed Orchid
Platanthera lacera,ragged fringed orchid
Platanthera psycodes,Lesser Purple Fringed Orchid
Platanus occidentalis,American sycamore
Platycodon grandiflorus,balloon flower
Platygyrium repens,Flat-brocade Moss
Pleuridium subulatum,Awl-leaved Earth-moss
Pleurozium schreberi,Red-stemmed Feather Moss
Pluchea odorata,marsh fleabane
Poa alsodes,Grove Meadow Grass
Poa annua,Annual Meadow-grass
Poa bulbosa,Bulbous Bluegrass
Poa nemoralis,Wood Meadow-grass
Poa pratensis,Smooth Meadow-grass
Podophyllum peltatum,mayapple
Podostemum ceratophyllum,Threadfoot
Pogonatum pensilvanicum,Algal Haircap Moss
Pogonia ophioglossoides,Rose Pogonia
Pohlia wahlenbergii,Wahlenberg's Nodding Moss
Polemonium reptans,Jacob's ladder
Polygaloides paucifolia,fringed polygala
Polygonatum biflorum,smooth Solomon's seal
Polygonatum multiflorum,Solomon's-seal
Polygonatum pubescens,hairy Solomon's-seal
Polygonella articulata,Coastal jointweed
Polygonum aviculare,Prostrate Knotweed
Polygonum tenue,Slender Knotweed
Polymnia canadensis,leafcup
Polypodium appalachianum,Appalachian rockcap fern
Polypodium virginianum,rock polypody
Polystichum acrostichoides,Christmas fern
Polystichum polyblepharon,Japanese tassel fern
Polytrichum commune,Common Haircap Moss
Polytrichum juniperinum,juniper haircap moss
Polytrichum ohioense,Ohio Haircap Moss
Polytrichum piliferum,bristly haircap moss
Pontederia cordata,pickerelweed
Pontederia crassipes,common water hyacinth
Populus alba,white poplar
Populus balsamifera,balsam poplar
Populus deltoides,Eastern Cottonwood
Populus grandidentata,bigtooth aspen
Populus heterophylla,Swamp Cottonwood
Populus tremuloides,quaking aspen
Porella pinnata,Pinnate Scalewort
Porella platyphylla,Wall Scalewort
Portulaca grandiflora,moss rose
Portulaca oleracea,Common Purslane
Potamogeton alpinus,Northern Pondweed
Potamogeton amplifolius,Broad-leaved Pondweed
Potamogeton berchtoldii,Berchtold's pondweed
Potamogeton bicupulatus,snailseed pondweed
Potamogeton crispus,Curly-leaf Pondweed
Potamogeton epihydrus,ribbon-leaved pondweed
Potamogeton foliosus,leafy pondweed
Potamogeton natans,floating-leaved pondweed
Potamogeton nodosus,Longleaf Pondweed
Potamogeton oakesianus,Oakes' Pondweed
Potamogeton obtusifolius,Bluntleaf Pondweed
Potamogeton perfoliatus,Perfoliate Pondweed
Potamogeton praelongus,white-stemmed pondweed
Potamogeton pulcher,Spotted Pondweed
Potamogeton richardsonii,Richardson's pondweed
Potamogeton robbinsii,robbins' pondweed
Potamogeton spirillus,Spiral Pondweed
Potamogeton zosteriformis,eel-grass pondweed
Potentilla argentea,Silvery Cinquefoil
Potentilla canadensis,dwarf cinquefoil
Potentilla hebiichigo,Lesser Mock-strawberry
Potentilla indica,mock strawberry
Potentilla norvegica,rough cinquefoil
Potentilla recta,sulphur cinquefoil
Potentilla simplex,common cinquefoil
Pourthiaea villosa,Christmas berry
Primula japonica,Japanese Primrose
Primula meadia,eastern shooting star
Primula veris,Cowslip
Primula vulgaris,Primrose
Proserpinaca palustris,marsh mermaidweed
Proserpinaca pectinata,combleaf mermaidweed
Prunella vulgaris,common selfheal
Prunus americana,American plum
Prunus avium,wild cherry
Prunus cerasifera,Cherry-plum
Prunus domestica,Plum
Prunus maritima,Beach Plum
Prunus padus,bird cherry
Prunus pendula,Weeping Cherry
Prunus pensylvanica,fire cherry
Prunus persica,Peach
Prunus serotina,black cherry
Prunus spinosa,Blackthorn
Prunus susquehanae,Susquehana Sandcherry
Prunus tomentosa,Nanking Cherry
Prunus virginiana,chokecherry
Psammophiliella muralis,Low Baby's-breath
Pseudanomodon attenuatus,tree-skirt moss
Pseudo-fumaria alba,Pale Corydalis
Pseudo-fumaria lutea,Yellow Corydalis
Pseudobryum cinclidioides,River Thyme Moss
Pseudognaphalium macounii,macoun's everlasting
Pseudognaphalium obtusifolium,sweet everlasting
Pseudosasa japonica,Arrow Bamboo
Pseudotsuga menziesii,Douglas-fir
Ptelea trifoliata,common hoptree
Pteridium aquilinum,common bracken
Ptilidium ciliare,Northern Naugehyde Liverwort
Ptilidium pulcherrimum,Tree Fringewort
Ptilimnium capillaceum,herbwilliam
Ptilium crista-castrensis,Ostrich-plume Moss
Ptychomitrium incurvum,Incurved Grizzled Moss
Ptychostomum capillare,Capillary Thread-moss
Pueraria montana,kudzu
Pulmonaria officinalis,Lungwort
Pulmonaria saccharata,Bethlehem-sage
Puschkinia scilloides,striped squill
Pycnanthemum incanum,Hoary Mountainmint
Pycnanthemum muticum,Clustered Mountainmint
Pycnanthemum tenuifolium,narrowleaf mountainmint
Pycnanthemum verticillatum,Whorled Mountain Mint
Pycnanthemum virginianum,Virginia mountain mint
Pyrola americana,American wintergreen
Pyrola chlorantha,green-flowered wintergreen
Pyrola elliptica,shinleaf
Pyrus calleryana,Callery pear
Pyrus communis,Common Pear
Quercus alba,white oak
Quercus bicolor,swamp white oak
Quercus coccinea,scarlet oak
Quercus ilicifolia,bear oak
Quercus macrocarpa,bur oak
Quercus montana,chestnut oak
Quercus muehlenbergii,chinkapin oak
Quercus palustris,pin oak
Quercus phellos,willow oak
Quercus prinoides,dwarf chinkapin oak
Quercus robur,English oak
Quercus rubra,northern red oak
Quercus stellata,post oak
Quercus velutina,black oak
Rabelera holostea,greater stitchwort
Radula complanata,Flat-leaved Scalewort
Ranunculus abortivus,small-flowered buttercup
Ranunculus acris,meadow buttercup
Ranunculus bulbosus,bulbous buttercup
Ranunculus caricetorum,fen crowfoot
Ranunculus fascicularis,Early Buttercup
Ranunculus flabellaris,yellow water-crowfoot
Ranunculus micranthus,rock buttercup
Ranunculus pensylvanicus,Bristly Crowfoot
Ranunculus recurvatus,Hooked buttercup
Ranunculus repens,Creeping buttercup
Ranunculus sceleratus,cursed crowfoot
Raphanus raphanistrum,Wild radish
Ratibida columnifera,upright prairie coneflower
Ratibida pinnata,grey-headed coneflower
Reboulia hemisphaerica,Hemisphaeric Liverwort
Reynoutria compacta,Dwarf Knotweed
Reynoutria japonica,Japanese knotweed
Reynoutria sachalinensis,Giant Knotweed
Rhamnus alnifolia,Alderleaf Buckthorn
Rhamnus cathartica,common buckthorn
Rheum rhabarbarum,Rhubarb
Rhexia virginica,Virginia meadowbeauty
Rhinanthus minor,Yellow Rattle
Rhizomnium punctatum,Dotted Thyme-moss
Rhodobryum ontariense,Ontario rhodobryum moss
Rhododendron calendulaceum,Flame Azalea
Rhododendron canadense,Rhodora
Rhododendron catawbiense,Catawba Rhododendron
Rhododendron groenlandicum,Bog Labrador Tea
Rhododendron maximum,great rhododendron
Rhododendron periclymenoides,Pinxter Flower
Rhododendron prinophyllum,early azalea
Rhododendron simsii,Red Azalea
Rhododendron viscosum,swamp azalea
Rhodotypos scandens,jetbead
Rhus aromatica,fragrant sumac
Rhus copallinum,shining sumac
Rhus glabra,smooth sumac
Rhus typhina,staghorn sumac
Rhynchospora alba,white beak-sedge
Rhynchospora capitellata,brownish beaked-rush
Rhynchospora macrostachya,Tall Beakrush
Ribes americanum,American Black Currant
Ribes cynosbati,prickly gooseberry
Ribes nigrum,Blackcurrant
Ribes rubrum,Red Currant
Riccardia multifida,Comb Liverwort
Riccia fluitans,Floating Crystalwort
Ricciocarpos natans,fringed heartwort
Ricinus communis,castor bean
Robinia hispida,Bristly locust
Robinia pseudoacacia,black locust
Robinia viscosa,Clammy Locust
Rorippa palustris,Bog Yellowcress
Rorippa sylvestris,Creeping Yellowcress
Rosa canina,Dog-rose
Rosa carolina,Carolina rose
Rosa luciae,Memorial Rose
Rosa multiflora,multiflora rose
Rosa palustris,swamp rose
Rosa rubiginosa,Sweet-brier
Rosa rugosa,rugosa rose
Rosa setigera,climbing prairie rose
Rosa virginiana,Virginian Rose
Rotala ramosior,Toothcup
Rubus allegheniensis,Allegheny blackberry
Rubus alumnus,Old Field Blackberry
Rubus cuneifolius,sand blackberry
Rubus dalibarda,dewdrop
Rubus hispidus,swamp dewberry
Rubus idaeus,red raspberry
Rubus laciniatus,Cutleaf Blackberry
Rubus occidentalis,black raspberry
Rubus odoratus,purple-flowered raspberry
Rubus phoenicolasius,wineberry
Rubus pubescens,dwarf raspberry
Rubus rosa,Rose Blackberry
Rubus setosus,Small Bristleberry
Rudbeckia amplexicaulis,clasping coneflower
Rudbeckia fulgida,orange coneflower
Rudbeckia hirta,black-eyed Susan
Rudbeckia laciniata,cutleaf coneflower
Rudbeckia subtomentosa,sweet black-eyed Susan
Rudbeckia triloba,brown-eyed Susan
Ruellia humilis,hairy ruellia
Rumex acetosa,Common Sorrel
Rumex acetosella,Sheep's sorrel
Rumex britannica,Greater Water Dock
Rumex crispus,curled dock
Rumex obtusifolius,broad-leaved dock
Rumex sanguineus,Wood Dock
Rumex verticillatus,swamp dock
Ruta graveolens,Rue
Sabatia stellaris,marsh pink
Sagina japonica,Japanese Pearlwort
Sagina procumbens,Procumbent Pearlwort
Sagittaria calycina,hooded arrowhead
Sagittaria engelmanniana,Engelmann's Arrowhead
Sagittaria graminea,Grass-leaved Arrowhead
Sagittaria latifolia,broadleaf arrowhead
Sagittaria platyphylla,Delta Arrowhead
Sagittaria rigida,sessile-fruited arrowhead
Sagittaria spongiosa,Spongy Arrowhead
Sagittaria subulata,Narrow-leaved Arrowhead
Sagittaria teres,Slender Arrowhead
Salicornia ambigua,perennial glasswort
Salicornia depressa,Virginia Glasswort
Salicornia perennis,Perennial Glasswort
Salix atrocinerea,Rusty Willow
Salix babylonica,weeping willow
Salix bebbiana,bebb's willow
Salix candida,Sage-leaf willow
Salix cinerea,Grey Willow
Salix discolor,pussy willow
Salix eriocephala,heart-leaved willow
Salix gracilistyla,rose-gold pussy willow
Salix humilis,Prairie Willow
Salix integra,dappled willow
Salix interior,interior sandbar willow
Salix lucida,shining willow
Salix nigra,black willow
Salix petiolaris,meadow willow
Salix purpurea,Purple Willow
Salix sericea,silky willow
Salpiglossis sinuata,painted-tongue
Salsola kali,saltwort
Salvia coccinea,Tropical sage
Salvia glutinosa,Sticky Sage
Salvia guaranitica,Anise-scented sage
Salvia hispanica,chia
Salvia reflexa,Mintweed
Sambucus canadensis,American black elderberry
Sambucus racemosa,red-berried elder
Samolus parviflorus,seaside brookweed
Sanguinaria canadensis,bloodroot
Sanguisorba canadensis,Canadian burnet
Sanicula canadensis,Black Snakeroot
Sanicula marilandica,Maryland Sanicle
Sanicula odorata,Clustered Sanicle
Sanicula trifoliata,large-fruited sanicle
Saponaria ocymoides,Rock Soapwort
Saponaria officinalis,common soapwort
Sarracenia purpurea,purple pitcher plant
Sassafras albidum,sassafras
Saururus cernuus,lizard's tail
Scapania nemorea,Grove Earwort
Sceptridium dissectum,Cutleaf Grapefern
Sceptridium oneidense,blunt-lobed grapefern
Schizachyrium scoparium,little bluestem
Schoenoplectiella mucronata,Bog Bulrush
Schoenoplectiella purshiana,Weak-stalked Bulrush
Schoenoplectus americanus,American three-square bulrush
Schoenoplectus pungens,three-square bulrush
Schoenoplectus subterminalis,water bulrush
Schoenoplectus tabernaemontani,soft-stemmed bulrush
Schoenoplectus torreyi,Torrey's bulrush
Scilla bifolia,Alpine Squill
Scilla forbesii,Forbes' Glory-of-the-snow
Scilla luciliae,Boissier's Glory-of-the-snow
Scilla mischtschenkoana,Mishchenko squill
Scilla siberica,Siberian squill
Scirpus atrovirens,dark green bulrush
Scirpus cyperinus,woolgrass
Scirpus expansus,Woodland Beakrush
Scirpus georgianus,Georgia Bulrush
Scirpus hattorianus,mosquito bulrush
Scirpus microcarpus,Panicled Bulrush
Scirpus pendulus,nodding bulrush
Scirpus polyphyllus,leafy bulrush
Scleranthus annuus,Annual Knawel
Scorzoneroides autumnalis,Autumn Hawkbit
Scrophularia lanceolata,lanceleaf figwort
Scrophularia marilandica,late figwort
Scrophularia nodosa,Common Figwort
Scutellaria galericulata,Marsh Skullcap
Scutellaria incana,Downy Skullcap
Scutellaria integrifolia,Helmet skullcap
Scutellaria lateriflora,side-flowering skullcap
Scutellaria strigillosa,
Secale cereale,rye
Securigera varia,purple crownvetch
Sedum acre,Biting Stonecrop
Sedum album,white stonecrop
Sedum dasyphyllum,thick-leaved stonecrop
Sedum makinoi,
Sedum sarmentosum,Stringy Stonecrop
Sedum sexangulare,Tasteless Stonecrop
Sedum ternatum,woodland stonecrop
Selaginella apoda,meadow spikemoss
Selaginella rupestris,rock spikemoss
Senecio vulgaris,common groundsel
Senega ambigua,ambiguous whorled milkwort
Senega aquilonia,cross polygala
Senega nuttallii,Nuttall's milkwort
Senega officinalis,Seneca snakeroot
Senega polygama,racemed milkwort
Senega sanguinea,field milkwort
Senega verticillata,Whorled Milkwort
Senna hebecarpa,American senna
Sericocarpus asteroides,toothed white-topped aster
Sericocarpus linifolius,Narrowleaf Whitetop Aster
Sesamum indicum,Sesame
Setaria faberi,giant foxtail
Setaria parviflora,knotroot bristlegrass
Setaria pumila,yellow foxtail
Setaria viridis,Green Bristle Grass
Sherardia arvensis,Field madder
Sibbaldiopsis tridentata,three-toothed cinquefoil
Sicyos angulatus,Oneseed Bur Cucumber
Silene antirrhina,sleepy catchfly
Silene caroliniana,Wild Pink
Silene chalcedonica,Maltese-cross
Silene coronaria,Rose campion
Silene dioica,red campion
Silene flos-cuculi,ragged-robin
Silene latifolia,white campion
Silene regia,royal catchfly
Silene stellata,starry campion
Silene vulgaris,bladder campion
Silphium asteriscus,Starry rosinweed
Silphium perfoliatum,cup plant
Silybum marianum,milk thistle
Sisymbrium altissimum,Tall Tumblemustard
Sisymbrium officinale,Hedge mustard
Sisyrinchium angustifolium,narrow-leaved blue-eyed grass
Sisyrinchium atlanticum,Eastern Blue-eyed Grass
Sisyrinchium montanum,strict blue-eyed grass
Sium suave,water parsnip
Smilax bona-nox,saw greenbrier
Smilax glauca,sawbrier
Smilax herbacea,smooth carrionflower
Smilax rotundifolia,roundleaf greenbrier
Solanum carolinense,Carolina horsenettle
Solanum dulcamara,bittersweet nightshade
Solanum emulans,eastern black nightshade
Solanum lycopersicum,tomato
Solanum melongena,eggplant
Solanum nigrum,black nightshade
Solanum rostratum,buffalo-bur
Solanum sarrachoides,Hairy Nightshade
Solanum tuberosum,potato
Solidago altissima,tall goldenrod
Solidago arguta,cut-leaf goldenrod
Solidago bicolor,silverrod
Solidago caesia,bluestem goldenrod
Solidago canadensis,Canada goldenrod
Solidago flexicaulis,broad-leaved goldenrod
Solidago gigantea,giant goldenrod
Solidago hispida,Hairy Goldenrod
Solidago juncea,early goldenrod
Solidago nemoralis,field goldenrod
Solidago odora,Sweet Goldenrod
Solidago patula,Swamp Goldenrod
Solidago puberula,Downy Goldenrod
Solidago rigida,stiff-leaved goldenrod
Solidago rugosa,common wrinkle-leaved goldenrod
Solidago sempervirens,northern seaside goldenrod
Solidago speciosa,showy goldenrod
Solidago squarrosa,squarrose goldenrod
Solidago uliginosa,bog goldenrod
Solidago ulmifolia,elm-leaved goldenrod
Sonchus arvensis,Perennial Sow Thistle
Sonchus asper,prickly sowthistle
Sonchus oleraceus,Common Sow-thistle
Sorbaria sorbifolia,Sorbaria
Sorbus americana,American mountain ash
Sorbus aucuparia,European mountain ash
Sorghastrum nutans,Indiangrass
Sorghum bicolor,Sorghums
Sorghum halepense,Johnson grass
Sparganium americanum,American bur-reed
Sparganium androcladum,Branching Bur-reed
Sparganium eurycarpum,big bur-reed
Spergula arvensis,Corn spurrey
Spergula pentandra,Wing-seeded Spurrey
Spergularia marina,Saltmarsh Sand Spurry
Spergularia rubra,Red Sand Spurrey
Sphagnum capillifolium,Northern Peatmoss
Sphagnum compactum,Low Peatmoss
Sphagnum cuspidatum,toothed peatmoss
Sphagnum fallax,Flat-top Bogmoss
Sphagnum fimbriatum,Fringed Bogmoss
Sphagnum girgensohnii,Girgensohn's Peatmoss
Sphagnum palustre,Prairie Peatmoss
Sphagnum recurvum,Recurved Peatmoss
Sphagnum russowii,Russow's Peatmoss
Sphagnum squarrosum,Crome Sphagnum
Sphagnum subsecundum,Orange Peatmoss
Spigelia marilandica,woodland pinkroot
Spinulum annotinum,interrupted clubmoss
Spiraea alba,white meadowsweet
Spiraea japonica,Japanese Spirea
Spiraea prunifolia,Bridal-wreath
Spiraea tomentosa,Steeplebush
Spiranthes arcisepala,Appalachian ladies’ tresses
Spiranthes cernua,nodding ladies' tresses
Spiranthes lacera,Slender Ladies' Tresses
Spiranthes lucida,Shining Ladies' Tresses
Spiranthes ochroleuca,yellow nodding ladies' tresses
Spiranthes tuberosa,Little Ladies' Tresses
Spiranthes vernalis,Spring Ladies' Tresses
Spirobassia hirsuta,Hairy Saltwort
Spirodela polyrhiza,greater duckweed
Sporobolus alterniflorus,Saltmarsh Cordgrass
Sporobolus cynosuroides,Big Cordgrass
Sporobolus michauxianus,prairie cordgrass
Sporobolus pumilus,Marsh Hay Cordgrass
Stachys hispida,marsh hedge nettle
Stachys hyssopifolia,Hyssop-leaved Hedge-nettle
Stachys palustris,Marsh Woundwort
Staphylea trifolia,American bladdernut
Stellaria aquatica,Water Chickweed
Stellaria graminea,lesser stitchwort
Stellaria longifolia,long-leaved starwort
Stellaria media,common chickweed
Stellaria nemorum,Wood Stitchwort
Stellaria pubera,star chickweed
Streptopus lanceolatus,rose twisted-stalk
Strophostyles helvola,trailing fuzzy-bean
Strophostyles leiosperma,slickseed fuzzybean
Stuckenia pectinata,Fennel-leaf Pondweed
Styrax japonicus,Japanese snowbell
Suaeda calceoliformis,Horned Seablite
Suaeda linearis,Annual Seepweed
Suaeda maritima,Herbaceous Seepweed
Symphoricarpos albus,Common Snowberry
Symphoricarpos orbiculatus,coralberry
Symphyotrichum cordifolium,Common Blue Wood Aster
Symphyotrichum dumosum,Bushy Aster
Symphyotrichum ericoides,white heath aster
Symphyotrichum firmum,shining aster
Symphyotrichum laeve,smooth blue aster
Symphyotrichum lanceolatum,panicled aster
Symphyotrichum lateriflorum,calico aster
Symphyotrichum novae-angliae,New England aster
Symphyotrichum novi-belgii,New York aster
Symphyotrichum oblongifolium,Aromatic Aster
Symphyotrichum patens,late purple aster
Symphyotrichum pilosum,hairy white oldfield aster
Symphyotrichum praealtum,willowleaf aster
Symphyotrichum prenanthoides,crookedstem aster
Symphyotrichum puniceum,swamp aster
Symphyotrichum racemosum,Small White Aster
Symphyotrichum subulatum,annual saltmarsh aster
Symphyotrichum tenuifolium,Perennial Saltmarsh Aster
Symphyotrichum undulatum,wavy-leaf aster
Symphyotrichum urophyllum,Arrow-leaved Aster
Symphytum caucasicum,Caucasian Comfrey
Symphytum officinale,common comfrey
Symplocarpus foetidus,Eastern Skunk Cabbage
Symplocos paniculata,sapphire-berry
Syringa reticulata,Japanese Tree Lilac
Tagetes erecta,Mexican Marigold
Tamarix parviflora,small-flowered tamarisk
Tamarix ramosissima,saltcedar
Tanacetum parthenium,feverfew
Tanacetum vulgare,tansy
Taraxacum erythrospermum,red-seeded dandelion
Taraxacum officinale,common dandelion
Taxodium distichum,baldcypress
Taxus baccata,common yew
Taxus canadensis,Canada yew
Taxus cuspidata,Japanese yew
Teesdalia nudicaulis,Shepherd's Cress
Tephrosia virginiana,goat's rue
Tetraphis pellucida,Tetraphis Moss
Teucrium canadense,American germander
Thalictrum aquilegiifolium,French meadow-rue
Thalictrum dioicum,early meadow-rue
Thalictrum pubescens,tall meadow-rue
Thalictrum rochebruneanum,Lavender Mist Meadowrue
Thalictrum thalictroides,rue anemone
Thaspium barbinode,Hairy-jointed Meadow-parsnip
Thelia asprella,Rough Thelia
Thelia hirtella,Common Thelia
Thelypteris palustris,marsh fern
Thermopsis villosa,Aaron's rod
Thlaspi arvense,field penny-cress
Thuidium delicatulum,delicate fern moss
Thuja occidentalis,northern whitecedar
Thunbergia alata,Black-eyed Susan vine
Thymus pulegioides,Large Thyme
Tiarella cordifolia,Heartleaf Foamflower
Tiarella stolonifera,Creeping Foamflower
Tilia americana,basswood
Tilia cordata,Little-leaf Linden
Tipularia discolor,crane-fly orchid
Tithonia rotundifolia,Red Sunflower
Tomostima reptans,Carolina draba
Toona sinensis,Tun tree
Toxicodendron radicans,eastern poison ivy
Toxicodendron rydbergii,western poison ivy
Toxicodendron vernix,poison sumac
Tradescantia bracteata,Longbract Spiderwort
Tradescantia ohiensis,Ohio spiderwort
Tradescantia virginiana,Virginia spiderwort
Tragopogon dubius,Yellow Salsify
Tragopogon pratensis,meadow salsify
Trapa natans,Water caltrop
Trichocolea tomentella,Handsome Woollywort
Trichophorum planifolium,Bashful Bulrush
Trichostema coeruleum,pennyroyal bluecurls
Trichostema dichotomum,Blue Curls
Tricyrtis hirta,Hairy Toad Lily
Tridens flavus,purpletop tridens
Trifolium arvense,rabbitfoot clover
Trifolium aureum,large hop clover
Trifolium campestre,hop trefoil
Trifolium dubium,Lesser hop trefoil
Trifolium hybridum,Alsike clover
Trifolium incarnatum,crimson clover
Trifolium pratense,Red Clover
Trifolium repens,white clover
Triglochin maritima,common arrowgrass
Trillium catesbaei,bashful wakerobin
Trillium cernuum,nodding trillium
Trillium cuneatum,Little Sweet Betsy
Trillium erectum,red trillium
Trillium grandiflorum,large white trillium
Trillium luteum,yellow wakerobin
Trillium recurvatum,prairie trillium
Trillium undulatum,painted trillium
Triodanis perfoliata,clasping Venus's looking glass
Triosteum aurantiacum,Orange-fruited Horse Gentian
Triosteum perfoliatum,Perfoliate Tinker's-weed
Triplasis purpurea,Purple Sandgrass
Tripleurospermum inodorum,scentless mayweed
Tripora divaricata,
Tripsacum dactyloides,eastern gamagrass
Triticum aestivum,Bread Wheat
Trollius europaeus,European Globeflower
Trollius laxus,Eastern Globeflower
Tropaeolum majus,garden nasturtium
Tsuga canadensis,eastern hemlock
Tulipa gesneriana,Garden Tulip
Tulipa kaufmanniana,Waterlily Tulip
Tulipa sylvestris,Wild Tulip
Turritis glabra,Tower Mustard
Tussilago farfara,colt's-foot
Typha angustifolia,narrow-leaved cattail
Typha latifolia,broadleaf cattail
Ulmus americana,American elm
Ulmus glabra,Wych Elm
Ulmus laevis,Fluttering Elm
Ulmus parvifolia,Chinese elm
Ulmus pumila,Siberian elm
Ulmus rubra,slippery elm
Ulota crispa,crisped pincushion
Ulota crispula,
Ulota hutchinsiae,Hutchins' Pincushion
Urtica dioica,great stinging nettle
Urtica gracilis,slender stinging nettle
Utricularia cornuta,Horned Bladderwort
Utricularia gibba,humped bladderwort
Utricularia inflata,swollen bladderwort
Utricularia intermedia,intermediate bladderwort
Utricularia macrorhiza,common bladderwort
Utricularia minor,Lesser Bladderwort
Utricularia purpurea,Purple Bladderwort
Utricularia radiata,Small Swollen Bladderwort
Uvularia grandiflora,largeflower bellwort
Uvularia perfoliata,perfoliate bellwort
Uvularia sessilifolia,sessile bellwort
Vaccinium angustifolium,lowbush blueberry
Vaccinium corymbosum,Northern highbush blueberry
Vaccinium fuscatum,Black Highbush Blueberry
Vaccinium macrocarpon,American Cranberry
Vaccinium oxycoccos,bog cranberry
Vaccinium pallidum,Early Lowbush Blueberry
Vaccinium stamineum,deerberry
Valeriana officinalis,common valerian
Vallisneria americana,American eelgrass
Veratrum viride,green false hellebore
Verbascum blattaria,moth mullein
Verbascum densiflorum,Dense-flowered Mullein
Verbascum nigrum,Dark Mullein
Verbascum phlomoides,Orange Mullein
Verbascum phoeniceum,Purple Mullein
Verbascum thapsus,great mullein
Verbena bonariensis,purpletop vervain
Verbena bracteata,Bigbract Verbena
Verbena hastata,blue vervain
Verbena officinalis,Common vervain
Verbena pulchella,moss verbena
Verbena simplex,Narrowleaf Vervain
Verbena stricta,hoary vervain
Verbena urticifolia,white vervain
Verbesina alternifolia,Wingstem
Vernonia noveboracensis,New York ironweed
Veronica americana,American brooklime
Veronica anagallis-aquatica,blue water-speedwell
Veronica arvensis,corn speedwell
Veronica chamaedrys,Germander Speedwell
Veronica filiformis,Slender speedwell
Veronica hederifolia,Ivy-leaved Speedwell
Veronica longifolia,Long-leaved Speedwell
Veronica officinalis,heath speedwell
Veronica peregrina,Purslane Speedwell
Veronica persica,bird's-eye speedwell
Veronica polita,Grey Field-speedwell
Veronica scutellata,Marsh Speedwell
Veronica serpyllifolia,thyme-leaved speedwell
Veronica spicata,Spiked Speedwell
Veronica sublobata,Pink Ivy-leaved Speedwell
Veronica teucrium,Broadleaf Speedwell
Veronica umbrosa,Creeping Speedwell
Veronicastrum virginicum,Culver's root
Viburnum acerifolium,mapleleaf viburnum
Viburnum carlesii,Korean Spice Viburnum
Viburnum cassinoides,northern wild raisin
Viburnum dentatum,southern arrowwood
Viburnum dilatatum,linden viburnum
Viburnum lantanoides,hobblebush
Viburnum lentago,nannyberry
Viburnum nudum,southern wild raisin
Viburnum opulus,guelder-rose
Viburnum plicatum,Japanese snowball
Viburnum prunifolium,Blackhaw
Viburnum rafinesqueanum,downy arrowwood
Viburnum recognitum,northern arrowwood
Viburnum setigerum,tea viburnum
Viburnum sieboldii,Siebold's Viburnum
Viburnum wrightii,wright viburnum
Vicia cracca,tufted vetch
Vicia grandiflora,Large yellow vetch
Vicia hirsuta,Hairy tare
Vicia sativa,Common Vetch
Vicia tetrasperma,Lentil Vetch
Vicia villosa,hairy vetch
Vinca major,greater periwinkle
Vinca minor,lesser periwinkle
Vincetoxicum nigrum,black swallow-wort
Vincetoxicum rossicum,European swallow-wort
Viola affinis,Le Conte's Violet
Viola arvensis,European field pansy
Viola blanda,sweet white violet
Viola brittoniana,Britton's Coast Violet
Viola canadensis,Canada Violet
Viola communis,dooryard violet
Viola cucullata,marsh blue violet
Viola eriocarpa,Smooth Yellow Violet
Viola fimbriatula,downy blue violet
Viola hirsutula,Southern wood violet
Viola incognita,Largeleaf White Violet
Viola labradorica,Labrador violet
Viola lanceolata,white bog violet
Viola minuscula,northern white violet
Viola nephrophylla,northern bog violet
Viola odorata,Sweet violet
Viola palmata,three-lobed violet
Viola pedata,bird's foot violet
Viola primulifolia,primrose-leaved violet
Viola pubescens,downy yellow violet
Viola rafinesquei,American field pansy
Viola rostrata,Long-spurred violet
Viola rotundifolia,Round-leaved Violet
Viola selkirkii,Great-spurred Violet
Viola septentrionalis,Northern Woodland Violet
Viola sororia,woolly blue violet
Viola striata,cream violet
Viola subsinuata,wavy-leaved violet
Viola tricolor,Wild Pansy
Viscaria vulgaris,Sticky Catchfly
Vitex agnus-castus,Lilac chaste tree
Vitex negundo,Five-leaved chaste tree
Vitis aestivalis,summer grape
Vitis labrusca,fox grape
Vitis palmata,catbird grape
Vitis riparia,riverbank grape
Vitis vinifera,wine grape
Vitis vulpina,frost grape
Waldsteinia fragarioides,Appalachian barren-strawberry
Waldsteinia ternata,Siberian barren strawberry
Weigela florida,Old Fashioned Weigela
Wisteria floribunda,Japanese wisteria
Wisteria frutescens,American wisteria
Wisteria sinensis,Chinese wisteria
Wolffia brasiliensis,Brazilian watermeal
Woodsia ilvensis,rusty woodsia
Woodsia obtusa,blunt woodsia
Woodwardia areolata,netted chain fern
Woodwardia virginica,Virginia chainfern
Xanthium orientale,common cocklebur
Xanthium strumarium,rough cocklebur
Xanthorhiza simplicissima,Shrub Yellowroot
Xyris difformis,Bog Yellow-eyed Grass
Xyris montana,northern yellow-eyed grass
Xyris torta,twisted yellow-eyed grass
Yucca filamentosa,common yucca
Yucca flaccida,Weak-leaf Yucca
Zannichellia palustris,Horned Pondweed
Zanthoxylum americanum,northern prickly ash
Zea mays,Maize
Zelkova serrata,Japanese zelkova
Zizania aquatica,annual wild rice
Zizia aptera,heart-leaf golden Alexanders
Zizia aurea,golden Alexanders
Zostera marina,Eelgrass
