taxon_id,name,obs_count
82358,Chimaphila maculata,5136
56061,Alliaria petiolata,3475
48961,Symplocarpus foetidus,3332
52856,Artemisia vulgaris,3331
60367,Pyrola americana,3094
49397,Kalmia latifolia,2706
78882,Rosa multiflora,2696
49477,Monotropa uniflora,2593
54412,Polystichum acrostichoides,2531
52391,Pinus strobus,2525
67748,Maianthemum canadense,2418
64540,Celastrus orbiculatus,2357
82576,Onoclea sensibilis,2243
48599,Phytolacca americana,2226
117433,Euonymus alatus,2226
58732,Toxicodendron radicans,2207
62997,Viburnum acerifolium,2059
64697,Elaeagnus umbellata,2057
58727,Berberis thunbergii,2015
83799,Mitchella repens,1987
47911,Asclepias syriaca,1926
54795,Sassafras albidum,1924
48240,Erythronium americanum,1908
47888,Impatiens capensis,1796
69752,Houstonia caerulea,1750
47699,Geranium maculatum,1743
950598,Anemonoides quinquefolia,1713
49202,Fagus grandifolia,1710
84227,Rubus phoenicolasius,1704
59029,Verbascum thapsus,1670
52867,Clethra alnifolia,1655
51875,Trifolium pratense,1621
49399,Juniperus virginiana,1566
54834,Prunus serotina,1530
47588,Cypripedium acaule,1521
50310,Arisaema triphyllum,1511
55830,Glechoma hederacea,1498
53582,Liriodendron tulipifera,1461
76610,Daucus carota,1448
48734,Tsuga canadensis,1442
50855,Trillium erectum,1430
51970,Hamamelis virginiana,1412
51044,Sanguinaria canadensis,1389
55757,Chelidonium majus,1363
55745,Trifolium repens,1251
914922,Reynoutria japonica,1243
52764,Prunella vulgaris,1202
52821,Achillea millefolium,1190
63115,Dennstaedtia punctilobula,1166
130888,Erechtites hieraciifolius,1136
54793,Lindera benzoin,1129
51062,Maianthemum racemosum,1112
64237,Phragmites australis,1091
50278,Parthenocissus quinquefolia,1090
48098,Acer rubrum,1061
61119,Ilex verticillata,1045
79484,Veratrum viride,1043
204165,Osmundastrum cinnamomeum,1039
55620,Solanum dulcamara,1028
55844,Vinca minor,1013
55851,Lamium purpureum,1013
119828,Aralia nudicaulis,1005
61321,Lythrum salicaria,986
167829,Rhus typhina,964
53178,Plantago lanceolata,945
54763,Acer platanoides,921
144047,Persicaria virginiana,909
47697,Hesperis matronalis,902
57278,Ailanthus altissima,893
204174,Lysimachia borealis,891
119048,Ageratina altissima,888
49186,Castanea dentata,880
50790,Linaria vulgaris,851
204321,Ficaria verna,851
48038,Lobelia cardinalis,847
52927,Commelina communis,844
56099,Ajuga reptans,817
47435,Lotus corniculatus,815
143803,Persicaria longiseta,807
62406,Goodyera pubescens,805
52899,Solanum carolinense,796
54924,Medeola virginiana,796
52913,Cichorium intybus,793
83653,Rosa rugosa,785
159836,Cardamine impatiens,785
52763,Cephalanthus occidentalis,778
77835,Lonicera japonica,778
127186,Securigera varia,775
123049,Panax trifolius,774
1398911,Amauropelta noveboracensis,758
129020,Veronica officinalis,751
47602,Taraxacum officinale,747
49868,Aquilegia canadensis,736
125489,Rubus occidentalis,727
204237,Ampelopsis glandulosa,713
79109,Silene latifolia,712
1002684,Osmunda spectabilis,712
62351,Lobelia inflata,696
54410,Dryopteris marginalis,690
56224,Caltha palustris,684
118548,Thalictrum thalictroides,677
82580,Lysimachia quadrifolia,669
121031,Comptonia peregrina,664
54779,Quercus alba,655
58795,Apocynum cannabinum,652
126698,Rhus copallinum,650
62376,Gaultheria procumbens,645
84300,Sambucus canadensis,645
62741,Rudbeckia hirta,635
52599,Pontederia cordata,623
127685,Eurybia divaricata,620
55829,Cardamine hirsuta,611
204198,Dendrolycopodium obscurum,610
64541,Dianthus armeria,606
67772,Uvularia sessilifolia,602
56137,Ornithogalum umbellatum,600
49662,Platanus occidentalis,587
59986,Monotropa hypopitys,586
126823,Spiraea alba,585
47912,Asclepias tuberosa,584
85325,Geum canadense,581
52989,Cirsium vulgare,575
82568,Dryopteris intermedia,556
128551,Solidago rugosa,555
49882,Betula alleghaniensis,551
81797,Hypoxis hirsuta,550
63062,Actaea pachypoda,543
116710,Microstegium vimineum,541
130893,Euonymus fortunei,538
287345,Linaria canadensis,537
51053,Dicentra cucullaria,533
48095,Acer pensylvanicum,531
85485,Amphicarpaea bracteata,531
125381,Asclepias incarnata,530
53587,Ambrosia artemisiifolia,525
55972,Frangula alnus,525
63058,Osmunda claytoniana,525
60746,Smilax rotundifolia,524
55882,Hedera helix,522
204271,Circaea canadensis,515
119045,Eupatorium perfoliatum,512
52543,Acer saccharum,511
142928,Pachysandra terminalis,505
52681,Pteridium aquilinum,502
84813,Baccharis halimifolia,497
55634,Allium tricoccum,494
204176,Micranthes virginiensis,487
49288,Podophyllum peltatum,475
60749,Ilex opaca,475
741014,Hepatica americana,461
49157,Betula lenta,457
62441,Lysimachia ciliata,457
56088,Robinia pseudoacacia,452
740984,Silene flos-cuculi,452
120005,Solidago caesia,446
81831,Smilax glauca,441
204160,Ligustrum obtusifolium,435
81597,Potentilla canadensis,434
64544,Morella pensylvanica,428
117434,Claytonia virginica,428
56154,Saponaria officinalis,426
60251,Verbena hastata,426
54411,Polypodium virginianum,425
52724,Equisetum arvense,416
52471,Vicia cracca,412
204179,Persicaria sagittata,410
53195,Rumex acetosella,407
54777,Cornus florida,406
55749,Veronica serpyllifolia,405
204143,Athyrium angustum,398
82316,Chelone glabra,397
119817,Apios americana,394
48435,Adiantum pedatum,389
126371,Ranunculus abortivus,388
146717,Solidago bicolor,388
85320,Monarda fistulosa,386
122100,Diphasiastrum digitatum,386
62211,Potentilla recta,384
81897,Baptisia tinctoria,382
82310,Carex lurida,380
83154,Zizia aurea,380
54768,Carpinus caroliniana,378
47726,Acer negundo,375
62399,Mimulus ringens,375
128040,Viola cucullata,373
51119,Nymphaea odorata,371
497911,Polygaloides paucifolia,371
63371,Rumex obtusifolius,364
76907,Erigeron canadensis,360
131165,Iva frutescens,359
54764,Rhus glabra,357
54791,Carya ovata,355
128715,Thalictrum pubescens,349
62778,Clematis virginiana,346
127322,Polygonatum pubescens,345
53041,Kalmia angustifolia,344
117437,Phlox paniculata,343
56222,Tussilago farfara,340
54839,Populus grandidentata,339
48682,Spiraea tomentosa,336
59753,Erigeron pulchellus,335
49005,Quercus rubra,334
62367,Melampyrum lineare,334
58749,Cornus amomum,333
55854,Datura stramonium,332
75371,Allium vineale,332
128095,Carex intumescens,331
47779,Iris pseudacorus,330
63567,Picea abies,330
82407,Huperzia lucidula,328
126888,Solidago sempervirens,326
54854,Tilia americana,324
53464,Pinus rigida,317
56057,Leucanthemum vulgare,314
243824,Potentilla indica,312
128686,Quercus montana,311
204148,Capnoides sempervirens,311
51741,Aegopodium podagraria,305
129278,Verbena urticifolia,304
62685,Epifagus virginiana,303
122056,Asplenium platyneuron,301
64293,Triodanis perfoliata,297
60132,Cirsium arvense,292
118512,Cardamine diphylla,292
48618,Echinocystis lobata,291
1278022,Callicladium imponens,288
132625,Lyonia ligustrina,285
55823,Draba verna,284
58893,Euphorbia maculata,281
130989,Euthamia graminifolia,281
55925,Geranium robertianum,275
62207,Oenothera biennis,275
158549,Aralia elata,274
51809,Lysimachia nummularia,268
54775,Cornus alternifolia,268
82574,Matteuccia struthiopteris,268
119806,Lobelia siphilitica,268
125482,Pilea pumila,268
50717,Epipactis helleborine,267
55981,Lapsana communis,267
142979,Vernonia noveboracensis,265
52119,Populus deltoides,264
52720,Dactylis glomerata,264
54762,Acer saccharinum,264
57481,Calystegia sepium,264
55766,Euphorbia cyparissias,263
57056,Medicago lupulina,262
77155,Fragaria virginiana,260
125186,Lespedeza capitata,259
133293,Limonium carolinianum,258
133393,Viola labradorica,257
54802,Nyssa sylvatica,255
58991,Portulaca oleracea,255
48062,Lysimachia terrestris,253
49884,Betula populifolia,253
48206,Convallaria majalis,252
62377,Rubus odoratus,252
59980,Conopholis americana,251
84281,Clinopodium vulgare,250
204177,Persicaria arifolia,248
485191,Silene coronaria,248
1038940,Solanum emulans,248
54504,Juglans nigra,247
63166,Viburnum lantanoides,247
79408,Trifolium arvense,246
118473,Sedum sarmentosum,244
48726,Iris versicolor,243
56090,Morus alba,242
48070,Sagittaria latifolia,241
82536,Viola pedata,240
83075,Epigaea repens,237
130898,Collinsonia canadensis,237
53197,Rumex crispus,236
862704,Scilla siberica,236
117443,Symphyotrichum novae-angliae,235
119802,Laportea canadensis,235
79460,Turritis glabra,234
56077,Hypericum perforatum,232
131000,Dichanthelium clandestinum,229
58907,Melilotus albus,223
47894,Opuntia humifusa,222
57356,Amorpha fruticosa,222
53059,Galium aparine,221
69713,Rubus hispidus,220
204339,Lamium galeobdolon,220
52740,Vaccinium corymbosum,219
130737,Quercus ilicifolia,219
204153,Eutrochium dubium,219
460193,Potentilla hebiichigo,218
75995,Campsis radicans,216
76214,Centaurea stoebe,216
127634,Trichostema dichotomum,216
51227,Pedicularis canadensis,215
57824,Sambucus racemosa,215
60214,Abutilon theophrasti,213
55886,Lunaria annua,212
82317,Hibiscus moscheutos,212
75832,Boehmeria cylindrica,211
55748,Veronica arvensis,210
77638,Lathyrus japonicus,210
133237,Hieracium paniculatum,209
47359,Apocynum androsaemifolium,208
83456,Decodon verticillatus,208
128805,Gaylussacia baccata,206
127907,Chamaecrista fasciculata,205
58127,Chenopodium album,203
59063,Cyperus strigosus,203
60221,Ludwigia palustris,203
154387,Chrysosplenium americanum,203
49822,Rhododendron periclymenoides,202
55459,Lamium amplexicaule,202
119145,Mikania scandens,202
126251,Coptis trifolia,197
49883,Betula papyrifera,196
76158,Catalpa speciosa,195
76897,Erigeron annuus,195
83059,Rhododendron maximum,195
54771,Ostrya virginiana,194
126583,Hemerocallis fulva,194
52651,Sarracenia purpurea,193
153441,Symphyotrichum cordifolium,192
53094,Heracleum maximum,191
53034,Ambrosia trifida,188
82569,Thelypteris palustris,188
62236,Chimaphila umbellata,187
81802,Ranunculus recurvatus,187
130690,Rhexia virginica,186
53374,Corylus cornuta,185
79358,Thlaspi arvense,185
359147,Viola fimbriatula,185
47891,Impatiens pallida,182
53983,Digitalis purpurea,182
68034,Hieracium venosum,182
143859,Pseudognaphalium obtusifolium,181
79409,Trifolium aureum,179
49006,Quercus velutina,178
54811,Rhamnus cathartica,177
48685,Typha latifolia,174
59773,Lonicera morrowii,174
78090,Mollugo verticillata,173
54797,Gleditsia triacanthos,171
53211,Senecio vulgaris,169
56171,Leonurus cardiaca,168
204173,Hylodesmum nudiflorum,166
57131,Lilium canadense,165
131249,Persicaria perfoliata,164
55721,Silene vulgaris,162
127609,Rhodotypos scandens,162
76745,Dulichium arundinaceum,161
78387,Peltandra virginica,161
120181,Oclemena acuminata,161
1351707,Tiarella stolonifera,160
51606,Galanthus nivalis,159
82097,Potentilla simplex,159
75867,Brasenia schreberi,158
76005,Cardamine pensylvanica,157
163550,Hedwigia ciliata,157
58961,Plantago major,156
170203,Viburnum plicatum,155
82515,Pyrola elliptica,154
204420,Strophostyles helvola,154
54840,Populus tremuloides,153
119793,Pyrus calleryana,153
54037,Thuja occidentalis,151
61009,Lathyrus latifolius,151
82300,Rhododendron viscosum,151
81942,Penstemon digitalis,150
67983,Diervilla lonicera,149
126768,Pycnanthemum muticum,148
116329,Packera aurea,145
208963,Vincetoxicum nigrum,144
51435,Trillium undulatum,143
54770,Corylus americana,143
54787,Carya cordiformis,142
129505,Desmodium canadense,142
163870,Hydrocotyle americana,142
116735,Rudbeckia laciniata,141
56126,Barbarea vulgaris,140
64543,Prunus maritima,139
67555,Codium fragile,139
68884,Phlox subulata,139
154524,Smilax herbacea,139
802714,Aphyllon uniflorum,139
145367,Hypericum gentianoides,138
53794,Clintonia borealis,137
67820,Erigeron philadelphicus,137
78820,Ranunculus bulbosus,137
129324,Dioscorea villosa,137
77914,Lycopodium clavatum,136
144193,Ionactis linariifolia,135
169738,Thuidium delicatulum,135
84542,Vaccinium angustifolium,134
61323,Conocephalum salebrosum,132
82302,Rosa palustris,132
170095,Uvularia perfoliata,132
59991,Comandra umbellata,130
79067,Setaria faberi,130
54835,Prunus virginiana,129
164342,Kalopanax septemlobus,129
204164,Nuphar variegata,129
53107,Lactuca serriola,128
132224,Lysimachia clethroides,128
59549,Lupinus polyphyllus,127
75609,Asplenium trichomanes,127
82564,Dryopteris carthusiana,127
128620,Hackelia virginiana,127
79017,Scutellaria lateriflora,126
122249,Symphyotrichum lateriflorum,126
124552,Potentilla argentea,126
130998,Ludwigia alternifolia,126
52673,Equisetum hyemale,125
55021,Arabidopsis thaliana,125
49870,Actaea rubra,122
53547,Ulmus americana,122
119792,Paulownia tomentosa,122
120579,Gentiana clausa,122
145435,Epilobium coloratum,122
167010,Plantago rugelii,121
544286,Viola eriocarpa,121
82552,Deparia acrostichoides,119
772903,Sporobolus alterniflorus,119
79301,Symphyotrichum lanceolatum,118
129021,Cryptotaenia canadensis,118
60125,Cicuta maculata,117
84330,Caulophyllum thalictroides,117
131568,Chamaecrista nictitans,117
1391871,Viola communis,117
53183,Oxalis stricta,115
57317,Vicia villosa,115
82110,Rubus allegheniensis,115
53110,Lactuca canadensis,113
447069,Persicaria extremiorientalis,113
52658,Drosera rotundifolia,112
54531,Cardamine pratensis,112
632667,Vincetoxicum rossicum,111
55969,Viburnum opulus,110
79002,Scirpus cyperinus,110
122603,Schizachyrium scoparium,110
58725,Juniperus communis,109
76942,Erigeron strigosus,108
53793,Mitella diphylla,107
56065,Galium odoratum,107
59771,Mertensia virginica,107
82311,Carex lupulina,107
122091,Woodsia obtusa,107
126169,Staphylea trifolia,107
52162,Cakile edentula,106
84270,Vaccinium pallidum,106
127684,Viola blanda,106
59570,Arctium minus,105
77206,Galium mollugo,105
138983,Lespedeza hirta,105
204172,Fallopia scandens,105
53065,Galium triflorum,104
53298,Stellaria media,104
53307,Cerastium fontanum,104
77676,Lepidium virginicum,104
51610,Veronica chamaedrys,103
135261,Solidago juncea,103
154326,Lespedeza violacea,103
136608,Bazzania trilobata,102
54784,Quercus coccinea,101
55971,Tanacetum vulgare,100
68053,Vitis labrusca,100
75501,Arctium lappa,99
119269,Quercus stellata,99
56121,Capsella bursa-pastoris,98
56170,Galinsoga quadriradiata,98
82342,Lonicera maackii,98
132767,Chamaedaphne calyculata,98
56406,Marchantia polymorpha,97
57190,Phleum pratense,97
85321,Campanula rapunculoides,97
77616,Lactuca biennis,96
82566,Dryopteris cristata,96
169900,Trapa natans,96
49130,Myosotis scorpioides,95
57066,Melilotus officinalis,95
81594,Elymus hystrix,95
133353,Malus toringo,94
159499,Bryoandersonia illecebra,94
859236,Hypericum virginicum,94
57920,Xanthium strumarium,93
82372,Galium circaezans,93
61824,Trifolium hybridum,92
62371,Sparganium americanum,92
117435,Sicyos angulatus,92
117440,Eutrochium maculatum,92
126369,Anemone virginiana,92
55666,Veronica persica,91
122081,Phegopteris hexagonoptera,91
126249,Akebia quinata,91
130993,Desmodium paniculatum,91
170200,Viburnum dilatatum,91
62776,Clematis terniflora,90
79487,Verbena bonariensis,90
83073,Solidago gigantea,90
85313,Physostegia virginiana,90
169984,Trillium cernuum,90
63512,Acer palmatum,89
64547,Teucrium canadense,89
127326,Carex pensylvanica,89
133038,Penthorum sedoides,89
52992,Matricaria discoidea,88
126864,Viola rotundifolia,88
204246,Atocion armeria,87
48688,Setaria pumila,86
63337,Phalaris arundinacea,86
119825,Aralia hispida,86
490542,Krigia virginica,86
53324,Vicia sativa,85
54805,Fraxinus americana,85
84998,Carex swanii,85
126891,Pycnanthemum tenuifolium,85
181927,Parthenocissus inserta,85
51808,Lysimachia punctata,84
59028,Verbascum blattaria,83
119095,Conoclinium coelestinum,83
119813,Actaea racemosa,83
125386,Asclepias exaltata,83
130368,Osmorhiza longistylis,83
53038,Drosera intermedia,82
53313,Trifolium dubium,80
119154,Solidago flexicaulis,80
132711,Hypericum punctatum,80
163087,Froelichia gracilis,80
54773,Viburnum lentago,79
54789,Carya glabra,79
60146,Pluchea odorata,79
67775,Claytonia caroliniana,79
129315,Ceanothus americanus,79
204156,Hylodesmum glutinosum,79
120179,Doellingeria umbellata,78
128839,Lobelia spicata,78
130174,Danthonia spicata,78
54767,Toxicodendron vernix,77
63749,Vaccinium macrocarpon,77
157903,Acalypha rhomboidea,77
76025,Carex comosa,76
119827,Aralia racemosa,76
120403,Tridens flavus,76
170204,Viburnum recognitum,76
402509,Pilosella officinarum,76
933404,Centaurea cyanus,76
51712,Bidens frondosa,75
76584,Cyperus esculentus,75
119809,Lonicera sempervirens,75
142730,Hieracium scabrum,75
474366,Humulus scandens,75
54520,Tanacetum parthenium,74
55730,Spergularia rubra,74
1138520,Pseudanomodon attenuatus,74
122101,Diphasiastrum tristachyum,73
1614093,Chelidonium diphyllum,73
54785,Quercus palustris,72
78084,Mirabilis nyctaginea,72
84113,Helianthus divaricatus,72
128798,Aronia melanocarpa,72
129491,Carex platyphylla,72
53039,Pogonia ophioglossoides,71
78453,Persicaria hydropiperoides,71
81605,Yucca filamentosa,71
82313,Carex stricta,71
130176,Chondrus crispus,71
142279,Symphyotrichum pilosum,71
1569019,Senega sanguinea,71
75475,Anthoxanthum odoratum,70
82247,Viburnum dentatum,70
122085,Sceptridium dissectum,70
125727,Panicum virgatum,70
130900,Menispermum canadense,70
127196,Myosotis stricta,69
62588,Hypericum mutilum,68
52500,Platanthera clavellata,67
77349,Helenium autumnale,67
119807,Lonicera canadensis,67
129196,Rosa carolina,67
168856,Sericocarpus asteroides,67
170140,Verbascum phlomoides,67
52344,Ipomoea purpurea,66
122658,Leucobryum glaucum,66
61935,Scleranthus annuus,65
78616,Plantago aristata,65
121968,Andropogon gerardi,65
128931,Vitis aestivalis,65
141854,Urtica gracilis,65
53269,Sonchus asper,64
60265,Asparagus officinalis,64
122608,Sorghastrum nutans,64
1038574,Borodinia laevigata,64
53268,Maianthemum stellatum,63
58721,Larix laricina,63
75916,Buddleja davidii,63
123625,Digitalis grandiflora,63
204185,Nabalus trifoliolatus,63
54857,Celtis occidentalis,62
69930,Juncus tenuis,62
78930,Salicornia depressa,62
84114,Helenium flexuosum,62
156531,Proserpinaca palustris,61
53104,Hypochaeris radicata,60
117429,Betula nigra,60
145483,Symphyotrichum tenuifolium,60
169483,Symphyotrichum racemosum,60
773660,Salix atrocinerea,60
55809,Leucojum aestivum,59
61253,Lilium philadelphicum,59
77779,Lindernia dubia,59
79131,Sium suave,59
81599,Silphium perfoliatum,59
129689,Angelica atropurpurea,59
143558,Kummerowia striata,59
711086,Pilosella caespitosa,59
49192,Castanea mollissima,58
60997,Ceratophyllum demersum,58
81748,Thalictrum dioicum,58
85008,Lilium superbum,58
136376,Rudbeckia triloba,58
204197,Dendrolycopodium hickeyi,58
914942,Persicaria filiformis,58
55828,Lamium maculatum,57
126516,Viola rostrata,57
164133,Iris sanguinea,57
169474,Symphyotrichum novi-belgii,57
881527,Anemonastrum canadense,57
54780,Quercus bicolor,56
54833,Prunus pensylvanica,56
76606,Dasiphora fruticosa,56
84031,Hylotelephium telephium,56
119791,Acer pseudoplatanus,56
130377,Solidago nemoralis,56
141767,Veronicastrum virginicum,56
165493,Moehringia lateriflora,56
320160,Cornus racemosa,56
55825,Veronica filiformis,55
56325,Asarum canadense,55
58372,Distichlis spicata,55
67524,Polemonium reptans,55
75855,Botrypus virginianus,55
76647,Dianthus deltoides,55
79465,Utricularia macrorhiza,55
128768,Physalis heterophylla,55
164463,Lechea mucronata,55
54844,Salix discolor,54
68293,Polytrichum commune,54
78157,Myriophyllum spicatum,54
130887,Selaginella apoda,54
711103,Pilosella aurantiaca,54
57867,Spirodela polyrhiza,53
127891,Packera obovata,53
773004,Sporobolus pumilus,53
50298,Fragaria vesca,52
78450,Persicaria amphibia,52
81528,Lupinus perennis,52
82307,Symphyotrichum puniceum,52
82740,Lathyrus sylvestris,52
130367,Osmorhiza claytonii,52
143409,Rhododendron prinophyllum,52
163098,Frullania eboracensis,52
166162,Parthenocissus tricuspidata,52
166636,Phellodendron amurense,52
791928,Lysimachia arvensis,52
58382,Poa bulbosa,51
58762,Cystopteris tenuis,51
59778,Pastinaca sativa,51
75377,Alnus incana,51
126641,Allium canadense,51
1617172,Anatherum virginicum,51
55402,Trillium grandiflorum,50
55727,Cymbalaria muralis,50
78455,Persicaria pensylvanica,50
130988,Bidens connata,50
136373,Senna hebecarpa,50
540959,Viola palmata,50
52793,Holcus lanatus,49
56064,Ranunculus acris,49
56871,Eranthis hyemalis,49
67423,Ulva lactuca,49
126485,Calycanthus floridus,49
126637,Hyacinthus orientalis,49
130369,Cicuta bulbifera,49
204152,Eubotrys racemosus,49
1467430,Viola pubescens,49
56033,Alnus serrulata,48
75921,Cabomba caroliniana,48
79148,Solidago altissima,48
83902,Baptisia australis,48
84298,Aesculus hippocastanum,48
126655,Eurybia macrophylla,48
147976,Helianthus decapetalus,48
159954,Carex folliculata,48
164948,Luzula multiflora,48
170089,Utricularia purpurea,48
48622,Nepeta cataria,47
48651,Cosmos sulphureus,47
56455,Pallavicinia lyellii,47
62398,Gratiola aurea,47
75765,Bidens cernua,47
154563,Polygonella articulata,47
905640,Campanula intercedens,47
77663,Lepidium campestre,46
82578,Calopogon tuberosus,46
84790,Magnolia tripetala,46
130951,Nabalus altissimus,46
157642,Houttuynia cordata,45
162409,Eragrostis spectabilis,45
204366,Nipponanthemum nipponicum,45
54847,Salix nigra,44
55760,Viola arvensis,44
75758,Berberis vulgaris,44
133240,Ilex crenata,44
141623,Platycodon grandiflorus,44
155773,Trichocolea tomentella,44
1405994,Viburnum cassinoides,44
47192,Cornus canadensis,43
68052,Carex vulpinoidea,43
76114,Carex stipata,43
118731,Woodwardia areolata,43
122082,Phegopteris connectilis,43
130810,Symphyotrichum patens,43
130901,Cinna arundinacea,43
430124,Stellaria aquatica,43
1392347,Viola minuscula,43
47443,Albizia julibrissin,42
67905,Polytrichum piliferum,42
68562,Cosmos bipinnatus,42
84305,Carya tomentosa,42
85490,Phryma leptostachya,42
129853,Geranium sanguineum,42
78338,Panicum dichotomiflorum,41
119138,Lespedeza virginica,41
122055,Asplenium montanum,41
130677,Pleurozium schreberi,41
320575,Bartramia pomiformis,41
49916,Sisyrinchium angustifolium,40
56134,Muscari botryoides,40
77468,Hydrilla verticillata,40
118776,Monarda punctata,40
119808,Lonicera dioica,40
129286,Carex gracillima,40
143759,Hottonia inflata,40
145721,Solidago patula,40
48502,Cercis canadensis,39
57983,Helianthus annuus,39
60015,Dianthus barbatus,39
60438,Cardamine concatenata,39
75762,Berteroa incana,39
76444,Coreopsis lanceolata,39
118761,Parnassia glauca,39
125380,Asclepias purpurascens,39
126656,Symphyotrichum undulatum,39
129555,Lespedeza procumbens,39
163545,Hedeoma pulegioides,39
787459,Hexasepalum teres,39
58738,Rhus aromatica,38
78709,Potamogeton epihydrus,38
79025,Sedum album,38
82308,Carex crinita,38
120007,Agalinis tenuifolia,38
204163,Micranthes pensylvanica,38
1308947,Pourthiaea villosa,38
54518,Lemna minor,37
57057,Medicago sativa,37
69756,Chamaecyparis thyoides,37
77915,Lycopus uniflorus,37
78456,Persicaria punctata,37
81711,Hydrophyllum virginianum,37
130382,Heliopsis helianthoides,37
130991,Tradescantia virginiana,37
49226,Amelanchier arborea,36
54436,Rubus idaeus,36
56166,Persicaria maculosa,36
59301,Ranunculus sceleratus,36
60316,Typha angustifolia,36
67808,Solidago canadensis,36
128617,Viola lanceolata,36
142654,Rudbeckia fulgida,36
165474,Miscanthus sinensis,36
168750,Sedum sexangulare,36
203695,Euphorbia polygonifolia,36
204435,Viola subsinuata,36
48627,Echinacea purpurea,35
52739,Vaccinium fuscatum,35
53387,Cornus sericea,35
56153,Juncus effusus,35
57076,Trifolium campestre,35
77952,Malva neglecta,35
78849,Rhynchospora capitellata,35
119936,Vitis riparia,35
123050,Vallisneria americana,35
154320,Gentianopsis crinita,35
170206,Viburnum sieboldii,35
204170,Crocanthemum canadense,35
204392,Primula japonica,35
49524,Lilium lancifolium,34
60317,Veronica peregrina,34
77838,Lotus tenuis,34
85327,Polygonatum biflorum,34
118730,Zizania aquatica,34
127504,Carex bromoides,34
159830,Cardamine bulbosa,34
58369,Bromus tectorum,33
60460,Calla palustris,33
64268,Trifolium incarnatum,33
69685,Eriocaulon aquaticum,33
84296,Picea mariana,33
129038,Petasites japonicus,33
165054,Macleaya cordata,33
200052,Euphorbia nutans,33
204244,Athyrium asplenioides,33
337821,Deutzia crenata,33
48229,Ranunculus repens,32
53326,Vinca major,32
54143,Tragopogon dubius,32
54792,Juglans cinerea,32
54808,Fraxinus pennsylvanica,32
61334,Narcissus poeticus,32
61340,Cirsium discolor,32
62404,Aureolaria flava,32
68032,Glyceria canadensis,32
76793,Elodea canadensis,32
117442,Verbesina alternifolia,32
128078,Carex grayi,32
128808,Salix eriocephala,32
129322,Coreopsis verticillata,32
160493,Chelone lyonii,32
161751,Desmodium rotundifolium,32
199979,Dendrolycopodium dendroideum,32
47687,Erodium cicutarium,31
50312,Dirca palustris,31
52383,Pinus resinosa,31
55732,Potentilla norvegica,31
62338,Lysimachia vulgaris,31
81705,Phlox divaricata,31
81722,Sanicula canadensis,31
127287,Carex debilis,31
129548,Asclepias quadrifolia,31
136368,Paronychia canadensis,31
165994,Oxalis montana,31
1449995,Palustricodon aparinoides,31
51768,Gaillardia pulchella,30
68049,Arctostaphylos uva-ursi,30
77293,Glyceria striata,30
77741,Ligustrum ovalifolium,30
78707,Potamogeton crispus,30
84772,Oxalis dillenii,30
119821,Antennaria plantaginifolia,30
122343,Allium tuberosum,30
131183,Solidago odora,30
142733,Cuscuta gronovii,30
155005,Hypericum canadense,30
161460,Cyperus lupulinus,30
55724,Symphytum officinale,29
62041,Platanthera lacera,29
62184,Isotria verticillata,29
75903,Bromus inermis,29
82811,Pellaea atropurpurea,29
130756,Alisma subcordatum,29
162273,Elsholtzia ciliata,29
1677724,Artemisia caudata,29
47910,Asclepias amplexicaulis,28
49658,Liquidambar styraciflua,28
56002,Dipsacus fullonum,28
63696,Dicentra eximia,28
63886,Persicaria lapathifolia,28
77279,Glaucium flavum,28
116361,Acer spicatum,28
126563,Tripsacum dactyloides,28
131006,Mimulus alatus,28
141535,Plagiomnium cuspidatum,28
320685,Geranium macrorrhizum,28
1510826,Calamagrostis breviligulata,28
57310,Vicia tetrasperma,27
58780,Silene antirrhina,27
76790,Eleusine indica,27
121931,Picea rubens,27
127269,Cirsium horridulum,27
128687,Silene caroliniana,27
132717,Eutrochium fistulosum,27
158068,Agalinis purpurea,27
164664,Leucothoe fontanesiana,27
169753,Thymus pulegioides,27
170086,Utricularia inflata,27
51807,Aquilegia vulgaris,26
52614,Zostera marina,26
52833,Anaphalis margaritacea,26
62366,Goodyera tesselata,26
129509,Taxus canadensis,26
153208,Ilex mucronata,26
160628,Cirsium pumilum,26
51737,Solanum lycopersicum,25
56160,Valeriana officinalis,25
68286,Polytrichum juniperinum,25
77991,Mentha canadensis,25
78998,Schoenoplectus tabernaemontani,25
82558,Asplenium rhizophyllum,25
123134,Dicranum scoparium,25
125668,Climacium americanum,25
128724,Puschkinia scilloides,25
130095,Gaylussacia frondosa,25
130994,Desmodium glabellum,25
145724,Dichanthelium dichotomum,25
151797,Aronia arbutifolia,25
164974,Lycopus virginicus,25
1092837,Psammophiliella muralis,25
55734,Sedum acre,24
61948,Stellaria graminea,24
64177,Leersia oryzoides,24
129347,Ilex glabra,24
161785,Dichanthelium depauperatum,24
164458,Lechea intermedia,24
170060,Ulota crispa,24
469472,Malus domestica,24
1367313,Neillia incisa,24
52287,Borago officinalis,23
53168,Oxalis corniculata,23
64161,Triticum aestivum,23
79016,Scutellaria galericulata,23
122054,Woodwardia virginica,23
125101,Houstonia pusilla,23
136375,Galium tinctorium,23
158076,Agastache foeniculum,23
161858,Dicranum fulvum,23
168326,Salix cinerea,23
204158,Liatris novae-angliae,23
204346,Linum striatum,23
320881,Juncus gerardi,23
48225,Eschscholzia californica,22
52934,Eupatorium serotinum,22
55713,Centaurea jacea,22
59060,Cyperus erythrorhizos,22
60234,Samolus parviflorus,22
60283,Echinochloa crus-galli,22
75920,Bulbostylis capillaris,22
79070,Setaria viridis,22
81595,Sibbaldiopsis tridentata,22
121268,Carex plantaginea,22
125788,Kerria japonica,22
126585,Hibiscus syriacus,22
127005,Antennaria neglecta,22
157893,Acalypha gracilens,22
167599,Pulmonaria officinalis,22
836798,Mononeuria glabra,22
950617,Anemonoides blanda,22
52501,Kolkwitzia amabilis,21
53858,Solanum tuberosum,21
57897,Salsola kali,21
77411,Hibiscus trionum,21
78174,Nasturtium officinale,21
78705,Potamogeton amplifolius,21
78712,Potamogeton natans,21
79317,Taraxacum erythrospermum,21
82203,Myrica gale,21
84261,Arisaema dracontium,21
119136,Perilla frutescens,21
128671,Salix humilis,21
129032,Euthamia caroliniana,21
129195,Rosa virginiana,21
130043,Leersia virginica,21
132614,Carex virescens,21
165747,Nowellia curvifolia,21
468143,Hyalotheca dissiliens,21
53021,Convolvulus arvensis,20
55411,Raphanus raphanistrum,20
60153,Lepidium latifolium,20
61112,Veronica scutellata,20
62394,Aureolaria pedicularia,20
76104,Carex scoparia,20
76583,Cyperus bipartitus,20
82559,Cystopteris bulbifera,20
127065,Ornithogalum nutans,20
154473,Pycnanthemum virginianum,20
158275,Amelanchier nantucketensis,20
166724,Phlox stolonifera,20
169497,Symplocos paniculata,20
204150,Crocanthemum bicknellii,20
48030,Platanthera psycodes,19
50616,Mirabilis jalapa,19
55563,Bellis perennis,19
55848,Narcissus pseudonarcissus,19
56156,Atrichum angustatum,19
57514,Galanthus elwesii,19
59747,Larix decidua,19
60284,Elymus repens,19
60742,Saururus cernuus,19
76765,Eclipta prostrata,19
79464,Utricularia gibba,19
82504,Nuphar advena,19
84364,Chasmanthium latifolium,19
85378,Eutrochium purpureum,19
116346,Bidens discoidea,19
117439,Liatris spicata,19
119826,Arabidopsis lyrata,19
120356,Eriophorum virginicum,19
123390,Bryum argenteum,19
126376,Mazus pumilus,19
128029,Entodon seductrix,19
128781,Campanula punctata,19
133266,Selaginella rupestris,19
142824,Athyrium niponicum,19
145712,Bartonia virginica,19
159659,Callicladium haldaneanum,19
160131,Carex torta,19
164566,Lespedeza cuneata,19
1138518,Claopodium rostratum,19
55814,Corydalis solida,18
78452,Persicaria hydropiper,18
118883,Porella platyphylla,18
122970,Helianthus tuberosus,18
124544,Anthriscus sylvestris,18
126873,Elymus virginicus,18
128530,Carex squarrosa,18
129607,Symphyotrichum laeve,18
130126,Salix sericea,18
160098,Carex scabrata,18
162797,Eupatorium pilosum,18
164650,Leucobryum albidum,18
165489,Mnium hornum,18
165812,Oenothera parviflora,18
166937,Pityopsis falcata,18
167016,Platanthera ciliaris,18
169144,Sorbaria sorbifolia,18
169228,Sphagnum palustre,18
170090,Utricularia radiata,18
204167,Scorzoneroides autumnalis,18
1569097,Senega polygama,18
1686778,Pseudo-fumaria lutea,18
50897,Asimina triloba,17
51138,Orontium aquaticum,17
51633,Digitaria sanguinalis,17
53052,Foeniculum vulgare,17
54409,Polypodium appalachianum,17
55826,Myosotis sylvatica,17
67792,Vaccinium stamineum,17
75584,Artemisia annua,17
76751,Dysphania pumilio,17
78678,Polygonum aviculare,17
118537,Equisetum sylvaticum,17
122090,Woodsia ilvensis,17
125790,Spiraea japonica,17
127327,Carex albicans,17
127372,Sisyrinchium montanum,17
127906,Magnolia virginiana,17
129107,Robinia hispida,17
161149,Crotalaria sagittalis,17
165603,Myriophyllum heterophyllum,17
166986,Plagiomnium ciliare,17
170331,Wisteria floribunda,17
183060,Agardhiella subulata,17
204168,Spinulum annotinum,17
593040,Reynoutria sachalinensis,17
1369716,Lamium hybridum,17
55847,Euonymus europaeus,16
58726,Quercus prinoides,16
59254,Allium schoenoprasum,16
62205,Alcea rosea,16
68357,Scilla forbesii,16
78716,Potamogeton robbinsii,16
82570,Marsilea quadrifolia,16
126654,Symphyotrichum ericoides,16
129977,Viburnum prunifolium,16
132322,Platanthera grandiflora,16
136397,Eupatorium hyssopifolium,16
152950,Carex blanda,16
154195,Physcomitrium pyriforme,16
155004,Hypericum ellipticum,16
158027,Adlumia fungosa,16
161781,Dichanthelium boscii,16
162803,Eupatorium sessilifolium,16
166805,Physalis grisea,16
460736,Coleataenia rigidula,16
468173,Xanthidium antilopaeum,16
501747,Calliergonella lindbergii,16
47691,Sherardia arvensis,15
48952,Dicentra canadensis,15
54836,Zanthoxylum americanum,15
55750,Geum rivale,15
55850,Petasites hybridus,15
55875,Crocus tommasinianus,15
56174,Echium vulgare,15
58331,Datura wrightii,15
58917,Geranium carolinianum,15
59072,Schoenoplectus pungens,15
59901,Melissa officinalis,15
76445,Coreopsis tinctoria,15
77114,Euphorbia lathyris,15
81603,Cirsium muticum,15
126658,Solidago puberula,15
127920,Caulophyllum giganteum,15
132855,Rubus pubescens,15
133034,Daphne mezereum,15
145530,Amaranthus cannabinus,15
159764,Campanula persicifolia,15
159997,Carex laxiculmis,15
161936,Diphyscium foliosum,15
165104,Malus baccata,15
48969,Antirrhinum majus,14
49666,Taxodium distichum,14
50316,Pachysandra procumbens,14
51266,Wisteria frutescens,14
60176,Atriplex prostrata,14
68543,Plantago maritima,14
76779,Eleocharis obtusa,14
81836,Tephrosia virginiana,14
121436,Spiranthes vernalis,14
160074,Carex prasina,14
160108,Carex sprengelii,14
167558,Ptilidium pulcherrimum,14
169271,Spiranthes ochroleuca,14
169933,Trichophorum planifolium,14
179786,Hepatica acutiloba,14
47570,Populus alba,13
52735,Monarda didyma,13
54261,Abies balsamea,13
54814,Amelanchier laevis,13
56022,Alchemilla mollis,13
56992,Lobularia maritima,13
57635,Hyacinthoides hispanica,13
75553,Arenaria serpyllifolia,13
78755,Prunus persica,13
119135,Eupatorium altissimum,13
121490,Tipularia discolor,13
125379,Asclepias verticillata,13
126799,Viola striata,13
127916,Streptopus lanceolatus,13
128695,Eryngium yuccifolium,13
128854,Rubus cuneifolius,13
128942,Silene stellata,13
130554,Hydrangea arborescens,13
143656,Carex gynandra,13
144021,Eleutherococcus sieboldianus,13
159106,Aureolaria virginica,13
161429,Cyperus dentatus,13
167299,Porella pinnata,13
167329,Potamogeton pulcher,13
204301,Cyperus microiria,13
204380,Phedimus spurius,13
244100,Scilla luciliae,13
506262,Xanthium orientale,13
1425372,Arisaema stewardsonii,13
1677723,Artemisia canadensis,13
48448,Zea mays,12
50625,Ptelea trifoliata,12
50709,Corallorhiza trifida,12
51432,Galearis spectabilis,12
52405,Linaria maroccana,12
52808,Poa annua,12
54329,Tropaeolum majus,12
54431,Ribes rubrum,12
59061,Cyperus squarrosus,12
62368,Nymphoides cordata,12
75566,Armoracia rusticana,12
76758,Echinochloa muricata,12
77836,Lonicera tatarica,12
116333,Panax quinquefolius,12
117326,Picea glauca,12
123945,Plagiochila porelloides,12
127306,Wisteria sinensis,12
130197,Ulva intestinalis,12
142693,Viburnum rafinesqueanum,12
158724,Artemisia stelleriana,12
159914,Carex communis,12
163181,Galium lanceolatum,12
167973,Rorippa sylvestris,12
169252,Spiraea prunifolia,12
468402,Staurastrum arctiscon,12
471486,Xanthidium cristatum,12
553158,Opuntia cespitosa,12
950603,Anemonoides nemorosa,12
1473617,Asarum reflexum,12
51734,Physalis philadelphica,11
54522,Pisum sativum,11
55667,Sagina procumbens,11
55967,Galeopsis bifida,11
57862,Rhynchospora alba,11
58776,Amaranthus retroflexus,11
59108,Potamogeton nodosus,11
61396,Origanum vulgare,11
62642,Solanum rostratum,11
75307,Agrimonia gryposepala,11
77917,Lysimachia thyrsiflora,11
78823,Ranunculus flabellaris,11
79383,Tradescantia ohiensis,11
84349,Campanula glomerata,11
119805,Ligustrum vulgare,11
122587,Monarda citriodora,11
123117,Ceratodon purpureus,11
123957,Coreopsis tripteris,11
124155,Atrichum undulatum,11
126702,Stellaria pubera,11
133356,Cercidiphyllum japonicum,11
143435,Dichanthelium latifolium,11
144023,Galium pilosum,11
161899,Digitalis lutea,11
166381,Penstemon hirsutus,11
167808,Rhodobryum ontariense,11
345167,Pediastrum duplex,11
470514,Micrasterias radiosa,11
635325,Hypericum prolificum,11
1452518,Dysphania atriplicifolia,11
1597481,Ranunculus caricetorum,11
48543,Mycelis muralis,10
48625,Oenothera speciosa,10
54404,Papaver rhoeas,10
54807,Fraxinus nigra,10
55759,Silene dioica,10
55977,Malva moschata,10
57858,Veronica anagallis-aquatica,10
58320,Koelreuteria paniculata,10
58722,Pinus sylvestris,10
61964,Prunus avium,10
62372,Utricularia cornuta,10
71127,Artemisia ludoviciana,10
75600,Aruncus dioicus,10
76541,Cucurbita pepo,10
77495,Ipomoea hederacea,10
77965,Matricaria chamomilla,10
78150,Myosotis laxa,10
78927,Sagittaria rigida,10
79169,Spergularia marina,10
82581,Sisyrinchium atlanticum,10
116688,Helianthus giganteus,10
118768,Hydrastis canadensis,10
120000,Funaria hygrometrica,10
124385,Tetraphis pellucida,10
125721,Solidago rigida,10
127156,Mazus miquelii,10
129022,Carex rosea,10
129314,Chrysogonum virginianum,10
130950,Nabalus albus,10
133037,Carex cephalophora,10
153410,Triosteum aurantiacum,10
158005,Actinidia arguta,10
159194,Bassia scoparia,10
161739,Desmodium marilandicum,10
161794,Dichanthelium linearifolium,10
163058,Forsythia suspensa,10
163272,Geum laciniatum,10
167289,Polytrichum ohioense,10
245813,Viola primulifolia,10
468507,Micrasterias furcata,10
773385,Spiranthes cernua,10
773386,Spiranthes arcisepala,10
47553,Taxus baccata,9
48684,Carex typhina,9
49222,Amelanchier stolonifera,9
52801,Lolium perenne,9
52998,Conium maculatum,9
53294,Sonchus oleraceus,9
54860,Ulmus rubra,9
55756,Geranium phaeum,9
56422,Ricciocarpos natans,9
57847,Muscari armeniacum,9
58205,Maclura pomifera,9
62310,Hudsonia tomentosa,9
62652,Mentha spicata,9
64208,Symphyotrichum subulatum,9
68598,Platanthera flava,9
68846,Muscari neglectum,9
76206,Cenchrus longispinus,9
76856,Eragrostis pectinacea,9
77068,Erysimum cheiranthoides,9
77797,Lobelia erinus,9
78016,Menyanthes trifoliata,9
81796,Oxalis violacea,9
82812,Iris cristata,9
84510,Filipendula rubra,9
117426,Magnolia acuminata,9
129024,Carex amphibola,9
130365,Sanicula marilandica,9
130376,Solidago speciosa,9
152952,Carex granularis,9
154189,Aulacomnium palustre,9
158042,Aesculus parviflora,9
163266,Geranium thunbergii,9
164468,Lechea tenuifolia,9
166067,Panicum amarum,9
167328,Potamogeton perfoliatus,9
204347,Liparis liliifolia,9
446794,Lycoris squamigera,9
480633,Oophila amblystomatis,9
1257397,Dichanthelium microcarpon,9
1569118,Senega verticillata,9
48629,Prunus americana,8
52468,Philadelphus coronarius,8
52973,Cerastium glomeratum,8
54781,Quercus macrocarpa,8
56415,Riccia fluitans,8
58389,Sorghum bicolor,8
60206,Lycopus americanus,8
60307,Poa pratensis,8
63951,Pyrus communis,8
76342,Circaea alpina,8
77151,Fimbristylis autumnalis,8
77393,Heteranthera dubia,8
78348,Parietaria pensylvanica,8
78569,Physalis longifolia,8
78889,Rotala ramosior,8
82572,Gymnocarpium dryopteris,8
85331,Ratibida pinnata,8
116364,Allium cernuum,8
121270,Carex laxiflora,8
122555,Hylocomium splendens,8
123638,Acer ginnala,8
126756,Lathyrus vernus,8
127367,Sanicula odorata,8
128728,Iris reticulata,8
129313,Luzula acuminata,8
129446,Honckenya peploides,8
129696,Carex radiata,8
130459,Carex annectens,8
132597,Desmodium canescens,8
133317,Agalinis maritima,8
135655,Pinus thunbergii,8
136366,Gnaphalium uliginosum,8
137722,Dryopteris erythrosora,8
147037,Jeffersonia diphylla,8
147321,Digitalis lanata,8
163166,Galium album,8
163184,Galium palustre,8
164571,Lespedeza stuevei,8
165075,Magnolia macrophylla,8
166180,Paspalum laeve,8
168207,Rudbeckia subtomentosa,8
169432,Suaeda maritima,8
170063,Ulota hutchinsiae,8
170205,Viburnum setigerum,8
170361,Xyris difformis,8
200071,Citrus trifoliata,8
204340,Lamprocapnos spectabilis,8
468131,Bambusina borreri,8
468158,Desmidium swartzii,8
468235,Micrasterias rotata,8
468351,Micrasterias mahabuleshwarensis,8
468417,Eudorina elegans,8
558074,Dasysiphonia japonica,8
559683,Cleome houtteana,8
1068237,Borodinia canadensis,8
48602,Datura metel,7
51884,Urtica dioica,7
53460,Gaultheria hispidula,7
54843,Salix bebbiana,7
57277,Veronica americana,7
59068,Scirpus microcarpus,7
62313,Nigella damascena,7
63348,Sparganium eurycarpum,7
67759,Coriandrum sativum,7
67842,Radula complanata,7
71141,Alopecurus pratensis,7
75463,Antennaria howellii,7
76023,Carex canescens,7
76746,Dysphania ambrosioides,7
77129,Fallopia convolvulus,7
77301,Gratiola neglecta,7
77493,Ipheion uniflorum,7
78144,Muhlenbergia schreberi,7
78891,Rubus laciniatus,7
79012,Scrophularia lanceolata,7
79385,Tragopogon pratensis,7
79488,Verbena bracteata,7
82413,Scrophularia marilandica,7
83992,Betula pendula,7
129677,Lespedeza bicolor,7
130808,Carex trisperma,7
132600,Tilia cordata,7
133094,Scutellaria incana,7
141620,Danthonia compressa,7
157924,Achillea filipendulina,7
159878,Carex atlantica,7
160101,Carex seorsa,7
161782,Dichanthelium commutatum,7
162195,Echinochloa walteri,7
162891,Eurybia spectabilis,7
164132,Iris prismatica,7
164460,Lechea maritima,7
165975,Orthotrichum stellatum,7
167263,Polygonum tenue,7
167295,Populus heterophylla,7
167609,Pycnanthemum incanum,7
167943,Robinia viscosa,7
168154,Rubus rosa,7
168250,Rumex sanguineus,7
170192,Veronica longifolia,7
320888,Pilosella piloselloides,7
341568,Scapania nemorea,7
430390,Pandorina morum,7
467501,Euastrum bidentatum,7
468491,Staurastrum hirsutum,7
471359,Spirotaenia condensata,7
471571,Cosmarium ovale,7
494403,Sorastrum americanum,7
734805,Petrosedum rupestre,7
772984,Sporobolus michauxianus,7
1138381,Hylocomiadelphus triquetrus,7
47745,Equisetum fluviatile,6
50713,Cypripedium parviflorum,6
51147,Crataegus monogyna,6
51618,Myrrhis odorata,6
52632,Scirpus hattorianus,6
53785,Fumaria officinalis,6
55858,Cornus mas,6
56164,Verbascum nigrum,6
56188,Vicia hirsuta,6
57020,Eleocharis acicularis,6
57510,Leucojum vernum,6
57623,Elodea nuttallii,6
58745,Cornus rugosa,6
59051,Cyperus difformis,6
60180,Suaeda calceoliformis,6
60264,Triglochin maritima,6
60987,Lepidium didymum,6
62671,Pueraria montana,6
63319,Verbena stricta,6
64239,Stuckenia pectinata,6
70010,Viola canadensis,6
75997,Cannabis sativa,6
76069,Carex leptalea,6
76217,Centaurium pulchellum,6
77058,Eruca vesicaria,6
77781,Linum grandiflorum,6
78706,Potamogeton berchtoldii,6
79156,Sonchus arvensis,6
82565,Dryopteris clintoniana,6
84146,Juncus canadensis,6
84954,Asplenium ruta-muraria,6
116350,Cladium mariscoides,6
119799,Acalypha virginica,6
122592,Paspalum setaceum,6
123790,Fontinalis antipyretica,6
126372,Ranunculus micranthus,6
127181,Pieris japonica,6
127597,Sedum ternatum,6
127921,Galium asprellum,6
128038,Corydalis flavula,6
128714,Poa alsodes,6
128838,Symphoricarpos orbiculatus,6
129000,Elymus canadensis,6
129048,Physocarpus opulifolius,6
129483,Oryzopsis asperifolia,6
129635,Carex vestita,6
131003,Diodia virginiana,6
132599,Juncus greenei,6
133382,Amelanchier canadensis,6
143495,Elymus riparius,6
154309,Carex trichocarpa,6
158043,Aethusa cynapium,6
158161,Aletris farinosa,6
159967,Carex grisea,6
160003,Carex lupuliformis,6
160038,Carex normalis,6
161745,Desmodium perplexum,6
163337,Glyceria melicaria,6
163518,Hamamelis vernalis,6
164771,Lophocolea heterophylla,6
167120,Pogonatum pensilvanicum,6
167881,Rhynchospora macrostachya,6
168322,Salix candida,6
169721,Thermopsis villosa,6
170379,Xyris torta,6
204324,Gillenia trifoliata,6
204361,Nabalus serpentaria,6
245933,Pediastrum angulosum,6
336266,Echinops bannaticus,6
410578,Hydrangea petiolaris,6
468279,Desmidium grevillei,6
471578,Desmidium baileyi,6
471668,Cosmarium pseudoconnatum,6
472700,Micrasterias muricata,6
473862,Staurodesmus extensus,6
494401,Stauridium tetras,6
523985,Waldsteinia ternata,6
575102,Alkekengi officinarum,6
962637,Pontederia crassipes,6
1303099,Greeneochloa coarctata,6
48178,Galinsoga parviflora,5
48523,Symphoricarpos albus,5
49367,Scirpus pendulus,5
50859,Catalpa bignonioides,5
51251,Rheum rhabarbarum,5
51636,Fatoua villosa,5
51988,Physalis peruviana,5
53050,Epilobium ciliatum,5
53271,Brassica rapa,5
54265,Sorbus americana,5
54783,Quercus muehlenbergii,5
55022,Jasione montana,5
55845,Viola odorata,5
55895,Agrimonia parviflora,5
56739,Ricinus communis,5
57511,Galanthus woronowii,5
57859,Utricularia intermedia,5
58729,Toxicodendron rydbergii,5
58748,Cornus obliqua,5
61167,Alisma triviale,5
61470,Rhinanthus minor,5
62315,Lycopodiella appressa,5
62339,Verbascum densiflorum,5
62352,Lobelia dortmanna,5
64162,Rorippa palustris,5
75766,Bidens laevis,5
76007,Carduus nutans,5
76124,Carex utriculata,5
77583,Juncus marginatus,5
77666,Lepidium densiflorum,5
78337,Panicum capillare,5
79141,Solanum nigrum,5
79463,Ulmus pumila,5
81593,Symphyotrichum dumosum,5
82309,Carex lacustris,5
117444,Iris virginica,5
118784,Equisetum variegatum,5
119450,Calluna vulgaris,5
125714,Silene regia,5
127700,Oenothera pilosella,5
129436,Solidago arguta,5
129775,Sphagnum girgensohnii,5
132807,Sphagnum squarrosum,5
141170,Carex digitalis,5
143405,Agrostis perennans,5
143889,Eurybia schreberi,5
153908,Pycnanthemum verticillatum,5
157424,Halesia carolina,5
158667,Aristida purpurascens,5
159658,Callicarpa dichotoma,5
159866,Carex albursina,5
159974,Carex hirtifolia,5
161729,Desmodium ciliare,5
161955,Diplophyllum apiculatum,5
163041,Fontinalis hypnoides,5
163045,Fontinalis novae-angliae,5
163834,Hosta ventricosa,5
164708,Lolium arundinaceum,5
164763,Lonicera fragrantissima,5
165632,Najas minor,5
167318,Potamogeton bicupulatus,5
168642,Scirpus expansus,5
169209,Sphagnum cuspidatum,5
169480,Symphyotrichum praealtum,5
169983,Trillium catesbaei,5
170260,Viola selkirkii,5
170344,Xanthorhiza simplicissima,5
200882,Micrasterias truncata,5
204147,Brachyelytrum aristosum,5
204194,Juncus pylaei,5
359219,Euonymus hamiltonianus,5
468204,Micrasterias laticeps,5
468209,Coelastrum pulchrum,5
468211,Netrium digitus,5
468234,Micrasterias denticulata,5
472643,Desmidium aptogonum,5
493517,Staurodesmus megacanthus,5
773033,Sporobolus cynosuroides,5
783544,Sanguisorba canadensis,5
865984,Kalmia polifolia,5
1363874,Alchemilla australis,5
1409442,Dryopteris goldieana,5
1486895,Cosmarium dentatum,5
48256,Pseudotsuga menziesii,4
48378,Tricyrtis hirta,4
48691,Liatris pycnostachya,4
48984,Centaurea montana,4
52846,Anthriscus caucalis,4
53789,Tiarella cordifolia,4
54654,Chionanthus virginicus,4
54776,Cornus drummondii,4
55819,Primula veris,4
55852,Brunnera macrophylla,4
55884,Rosa canina,4
56133,Quercus robur,4
56193,Acer campestre,4
57036,Euphorbia peplus,4
60462,Butomus umbellatus,4
60750,Carex hystericina,4
61326,Ajuga genevensis,4
63802,Pyrola chlorantha,4
64538,Celastrus scandens,4
68087,Abies concolor,4
69753,Houstonia longifolia,4
69810,Sagittaria graminea,4
70265,Myosotis discolor,4
71136,Barbarea verna,4
77719,Leucanthemum maximum,4
78163,Najas guadalupensis,4
78465,Petroselinum crispum,4
78836,Ratibida columnifera,4
78997,Schoenoplectus subterminalis,4
79325,Teesdalia nudicaulis,4
82511,Euphorbia myrsinites,4
82571,Lygodium palmatum,4
83152,Itea virginica,4
84328,Galium verum,4
117438,Dipsacus laciniatus,4
117512,Clematis occidentalis,4
119141,Dioscorea polystachya,4
121981,Triosteum perfoliatum,4
123634,Trillium cuneatum,4
125348,Crocus chrysanthus,4
125487,Ribes americanum,4
126749,Uvularia grandiflora,4
126869,Ipomoea quamoclit,4
127031,Rhizomnium punctatum,4
128234,Hieracium gronovii,4
128614,Cornus kousa,4
128655,Ptilimnium capillaceum,4
128901,Asarum europaeum,4
128927,Lactuca hirsuta,4
129488,Pulmonaria saccharata,4
129599,Solidago ulmifolia,4
130751,Rubus dalibarda,4
131125,Salix interior,4
132674,Neckera pennata,4
133386,Taxus cuspidata,4
142626,Oenothera perennis,4
147294,Ruta graveolens,4
158125,Agrimonia pubescens,4
158413,Antennaria parlinii,4
159610,Buxbaumia aphylla,4
159873,Carex appalachica,4
159972,Carex hirsutella,4
160041,Carex novae-angliae,4
160059,Carex pedunculata,4
160277,Centaurea nigrescens,4
160354,Ceratophyllum echinatum,4
160864,Corallorhiza odontorhiza,4
161804,Dichanthelium sphaerocarpon,4
163710,Heteranthera reniformis,4
164569,Lespedeza frutescens,4
164969,Lycopus amplectens,4
165002,Lysimachia hybrida,4
165004,Lysimachia japonica,4
165944,Orthotrichum anomalum,4
166114,Papaver orientale,4
166296,Pellia epiphylla,4
166871,Pilea fontana,4
166883,Pinellia ternata,4
166900,Piptochaetium avenaceum,4
167042,Platygyrium repens,4
167330,Potamogeton spirillus,4
167722,Ranunculus fascicularis,4
168289,Sagina japonica,4
169207,Sphagnum compactum,4
169276,Spiranthes tuberosa,4
204269,Carex glaucodea,4
204277,Crataegus biltmoreana,4
204330,Iris domestica,4
204394,Prunus susquehanae,4
244873,Euastrum oblongum,4
288069,Avenella flexuosa,4
358065,Schoenoplectiella purshiana,4
426847,Toona sinensis,4
468183,Cosmarium granatum,4
468201,Micrasterias pinnatifida,4
470518,Closterium ehrenbergii,4
471408,Triploceras gracile,4
471432,Staurastrum alternans,4
471655,Staurodesmus convergens,4
494399,Pseudopediastrum boryanum,4
635134,Tripora divaricata,4
705439,Veronica sublobata,4
793678,Salicornia ambigua,4
793969,Viburnum wrightii,4
864808,Micrasterias compereana,4
931646,Oxybasis glauca,4
947244,Marchantia quadrata,4
1007818,Cyperus subsquarrosus,4
1008008,Staurodesmus octocornis,4
1158196,Frullania asagrayana,4
1190044,Desmodesmus brasiliensis,4
1294081,Coryphopteris simulata,4
1569029,Senega nuttallii,4
1629442,Crataegus straminea,4
48078,Acer nigrum,3
48538,Cytisus scoparius,3
49705,Pieris floribunda,3
50832,Gilia tricolor,3
52994,Claytonia perfoliata,3
53266,Sisymbrium officinale,3
54050,Crepis capillaris,3
54055,Achillea ptarmica,3
54227,Fagus sylvatica,3
54461,Aristolochia serpentaria,3
54491,Corylus avellana,3
54838,Populus balsamifera,3
54849,Salix purpurea,3
55827,Helleborus foetidus,3
56063,Sorbus aucuparia,3
56441,Blasia pusilla,3
58188,Mentha arvensis,3
58755,Cystopteris fragilis,3
59066,Schoenoplectus americanus,3
59107,Potamogeton foliosus,3
59936,Nemophila maculata,3
60287,Hordeum jubatum,3
61168,Arum italicum,3
61963,Oxalis debilis,3
62396,Chaenorhinum minus,3
62772,Aristolochia macrophylla,3
68479,Lolium multiflorum,3
75395,Amaranthus hybridus,3
75767,Bidens tripartita,3
75968,Calystegia silvatica,3
76021,Carex buxbaumii,3
76035,Carex echinata,3
76063,Carex lasiocarpa,3
76585,Cyperus flavescens,3
76589,Cyperus iria,3
76782,Eleocharis palustris,3
77120,Euphorbia virgata,3
77188,Galium boreale,3
77481,Hypericum calycinum,3
77913,Lycopodiella inundata,3
78715,Potamogeton richardsonii,3
79312,Tagetes erecta,3
79527,Wolffia brasiliensis,3
79546,Zannichellia palustris,3
82816,Viola sororia,3
83435,Diospyros virginiana,3
117432,Euonymus atropurpureus,3
118749,Rhododendron calendulaceum,3
118774,Maianthemum trifolium,3
119343,Symphyotrichum oblongifolium,3
119892,Andromeda polifolia,3
120355,Spiranthes lacera,3
120507,Euphorbia marginata,3
120519,Solanum sarrachoides,3
120580,Gentiana andrewsii,3
122086,Sceptridium oneidense,3
123751,Climacium dendroides,3
123769,Lepidozia reptans,3
124485,Scrophularia nodosa,3
126339,Sabatia stellaris,3
126657,Solidago uliginosa,3
126887,Berberis aquifolium,3
127045,Scutellaria integrifolia,3
128039,Chaerophyllum procumbens,3
128570,Styrax japonicus,3
128769,Ligustrum sinense,3
129115,Knautia arvensis,3
129633,Carex bushii,3
129767,Scirpus atrovirens,3
129774,Festuca subverticillata,3
131230,Platanthera aquilonis,3
133352,Malus hupehensis,3
133397,Buxus sempervirens,3
135230,Cardamine parviflora,3
135790,Pinus nigra,3
136604,Ptilium crista-castrensis,3
141075,Cyperus grayi,3
142756,Galium obtusum,3
143716,Juncus secundus,3
143787,Magnolia kobus,3
145601,Fagopyrum esculentum,3
146816,Lablab purpureus,3
146876,Malva alcea,3
152949,Carex arctata,3
153200,Viburnum nudum,3
153942,Rhododendron canadense,3
154323,Hypericum majus,3
156872,Thelia hirtella,3
157470,Hasteola suaveolens,3
158615,Argentina anserina,3
159053,Atrichum crispum,3
159101,Aulacomnium heterostichum,3
159408,Brachythecium salebrosum,3
159930,Carex davisii,3
159945,Carex emoryi,3
160001,Carex lucorum,3
161074,Crataegus pruinosa,3
161175,Cruciata pedemontana,3
162258,Eleocharis robbinsii,3
162821,Euphorbia esula,3
163339,Glyceria obtusa,3
163785,Hieracium lachenalii,3
163800,Hieracium sabaudum,3
163956,Hypericum boreale,3
164041,Ilex laevigata,3
164247,Jubula pennsylvanica,3
165744,Notothylas orbicularis,3
167115,Podostemum ceratophyllum,3
167309,Portulaca grandiflora,3
167472,Prunus tomentosa,3
168857,Sericocarpus linifolius,3
169780,Tithonia rotundifolia,3
170141,Verbascum phoeniceum,3
170262,Viola septentrionalis,3
204273,Coleataenia longifolia,3
204304,Drymocallis arguta,3
277657,Berberis bealei,3
349786,Euonymus japonicus,3
361065,Scilla mischtschenkoana,3
406034,Silene chalcedonica,3
468186,Euastrum verrucosum,3
468276,Geminella ellipsoidea,3
468281,Closterium kuetzingii,3
468305,Cosmarium porteanum,3
468420,Euastrum humerosum,3
468570,Staurastrum wolleanum,3
471520,Cosmarium quadrum,3
472693,Dictyosphaerium ehrenbergianum,3
472695,Micrasterias foliacea,3
545305,Cardamine occulta,3
549981,Primula meadia,3
556044,Patis racemosa,3
590726,Oenothera lindheimeri,3
859269,Veronica umbrosa,3
894458,Waldsteinia fragarioides,3
909284,Lacunastrum gracillimum,3
966205,Alnus glutinosa,3
1045161,Rosa luciae,3
1100247,Comasiella arcuata,3
1506724,Sagittaria spongiosa,3
1514296,Gonatozygon kinahanii,3
1555600,Elodea densa,3
1561772,Parogonum ciliinode,3
1567390,Reynoutria compacta,3
1569105,Senega ambigua,3
48588,Campanula trachelium,2
49342,Castilleja coccinea,2
49475,Corallorhiza maculata,2
50202,Bidens bipinnata,2
50648,Nemophila menziesii,2
51306,Linum usitatissimum,2
51726,Myosotis arvensis,2
52328,Amaranthus cruentus,2
53076,Geranium molle,2
53219,Salvia hispanica,2
53771,Cotoneaster horizontalis,2
53856,Ilex aquifolium,2
53925,Galax urceolata,2
54824,Crataegus crus-galli,2
54848,Salix petiolaris,2
55739,Viola tricolor,2
55769,Crocus vernus,2
55798,Tulipa sylvestris,2
55801,Carpinus betulus,2
55821,Rumex acetosa,2
55891,Geum urbanum,2
56015,Tamarix ramosissima,2
56027,Narcissus tazetta,2
56129,Veronica hederifolia,2
56136,Primula vulgaris,2
56163,Verbena officinalis,2
56437,Aneura pinguis,2
56461,Pellia neesiana,2
56934,Scilla bifolia,2
57460,Geum triflorum,2
58316,Salix babylonica,2
58387,Sorghum halepense,2
58735,Malus prunifolia,2
58792,Hydrocotyle umbellata,2
58879,Chenopodium berlandieri,2
59432,Levisticum officinale,2
59552,Trollius europaeus,2
59889,Ophioglossum pusillum,2
60248,Limosella australis,2
60350,Artemisia absinthium,2
61236,Chaenomeles japonica,2
61480,Saponaria ocymoides,2
62020,Filipendula vulgaris,2
62254,Spiranthes lucida,2
63547,Dalea purpurea,2
63920,Myosotis verna,2
64228,Bolboschoenus fluviatilis,2
68848,Veronica polita,2
69648,Floerkea proserpinacoides,2
69817,Sagittaria subulata,2
75308,Agrimonia striata,2
75319,Agrostis scabra,2
75445,Anethum graveolens,2
75560,Aristida dichotoma,2
75583,Arrhenatherum elatius,2
75840,Bolboschoenus robustus,2
75900,Bromus commutatus,2
75931,Calendula officinalis,2
75935,Callitriche heterophylla,2
76091,Carex pellita,2
76658,Digitaria ischaemum,2
76721,Dryopteris filix-mas,2
76762,Echinops sphaerocephalus,2
76777,Eleocharis flavescens,2
76784,Eleocharis quadrangulata,2
76835,Epilobium leptophyllum,2
76851,Eragrostis hypnoides,2
77059,Erucastrum gallicum,2
77141,Festuca octoflora,2
77549,Juncus acuminatus,2
77778,Linaria purpurea,2
77902,Lycium barbarum,2
77990,Mentha aquatica,2
78237,Nymphoides peltata,2
78243,Oenothera laciniata,2
78346,Papaver somniferum,2
78454,Persicaria orientalis,2
78717,Potamogeton zosteriformis,2
78932,Salicornia perennis,2
79068,Setaria parviflora,2
79441,Tripleurospermum inodorum,2
79513,Viola nephrophylla,2
79519,Vitis vinifera,2
81941,Penstemon pallidus,2
82557,Botrychium matricariifolium,2
82562,Cystopteris protrusa,2
82748,Vitis palmata,2
83893,Parthenium integrifolium,2
84517,Epilobium hirsutum,2
84803,Ribes cynosbati,2
85383,Polymnia canadensis,2
85484,Carex flava,2
116342,Carex eburnea,2
118773,Lobelia kalmii,2
119146,Spigelia marilandica,2
119602,Epilobium parviflorum,2
119795,Zizia aptera,2
119800,Krigia biflora,2
119983,Quercus phellos,2
123958,Sphagnum capillifolium,2
126548,Amsonia tabernaemontana,2
126560,Vaccinium oxycoccos,2
126708,Viburnum carlesii,2
127487,Heuchera americana,2
127857,Paeonia lactiflora,2
127900,Equisetum pratense,2
128546,Pleuridium subulatum,2
128684,Hydrocotyle sibthorpioides,2
128693,Salvia reflexa,2
128841,Rosa setigera,2
129055,Zelkova serrata,2
130742,Lespedeza repens,2
131154,Eupatorium capillifolium,2
131552,Suaeda linearis,2
132118,Veronica spicata,2
132823,Sphagnum fimbriatum,2
133366,Cotinus coggygria,2
133951,Inula helenium,2
135416,Syringa reticulata,2
141714,Crataegus phaenopyrum,2
142714,Viola affinis,2
142854,Strophostyles leiosperma,2
143418,Salvia glutinosa,2
146715,Arnoglossum atriplicifolium,2
154217,Tradescantia bracteata,2
154299,Aristida longespica,2
155116,Elymus villosus,2
155565,Sphagnum russowii,2
157765,Abelmoschus esculentus,2
157984,Acorus americanus,2
158806,Aster tataricus,2
159305,Boltonia asteroides,2
159405,Brachythecium rivulare,2
159452,Briza media,2
159769,Campanulastrum americanum,2
159861,Carex aestivalis,2
159955,Carex formosa,2
159993,Carex laevivaginata,2
160030,Carex muehlenbergii,2
160085,Carex retroflexa,2
160347,Cerastium tomentosum,2
160358,Ceratostigma plumbaginoides,2
160369,Chaenomeles speciosa,2
160904,Coreopsis rosea,2
160947,Cotoneaster divaricatus,2
161041,Crataegus macrosperma,2
161639,Datura innoxia,2
161731,Desmodium cuspidatum,2
161856,Dicranum flagellare,2
161971,Ditrichum pallidum,2
162820,Euphorbia epithymoides,2
163024,Fissidens taxifolius,2
163059,Forsythia viridissima,2
163398,Grimmia pilifera,2
163763,Hibiscus coccineus,2
164075,Ipomoea alba,2
164274,Juncus militaris,2
164415,Lagenaria siceraria,2
165604,Myriophyllum humile,2
166762,Phyllostachys aureosulcata,2
167326,Potamogeton obtusifolius,2
168011,Rubus alumnus,2
168165,Rubus setosus,2
168644,Scirpus georgianus,2
168649,Scirpus polyphyllus,2
169151,Sparganium androcladum,2
169317,Stachys hyssopifolia,2
170209,Vicia grandiflora,2
170233,Viola brittoniana,2
170271,Vitex agnus-castus,2
170303,Weigela florida,2
183119,Grinnellia americana,2
186498,Heptacodium miconioides,2
204253,Bidens polylepis,2
204298,Crocanthemum propinquum,2
204323,Gaylussacia bigeloviana,2
223938,Liriope muscari,2
283377,Caladium bicolor,2
325587,Hydrodictyon reticulatum,2
336005,Campanula poscharskyana,2
340756,Crepidomanes intricatum,2
345108,Ankistrodesmus falcatus,2
347013,Papaver atlanticum,2
410587,Trentepohlia umbrina,2
447071,Grateloupia turuturu,2
468197,Gonatozygon aculeatum,2
468202,Euastrum denticulatum,2
468360,Kirchneriella lunaris,2
468400,Staurastrum ophiura,2
470360,Nephrocytium agardhianum,2
470365,Closterium moniliferum,2
470368,Tetraedron minimum,2
470759,Volvox aureus,2
471365,Actidesmium hookeri,2
471409,Cosmarium contractum,2
471656,Closterium acerosum,2
472638,Staurastrum cerastes,2
489776,Oenothera rubricaulis,2
493998,Gonatozygon brebissonii,2
497166,Closterium aciculare,2
543069,Anomodon tristis,2
543395,Staurodesmus incus,2
553332,Closterium acutum,2
564969,Chamaenerion angustifolium,2
569200,Scutellaria strigillosa,2
604465,Paspalum thunbergii,2
626094,Spondylosium pulchrum,2
773801,Morus indica,2
785819,Monactinus simplex,2
861825,Chaetophora lobata,2
891334,Ulota crispula,2
906994,Closterium closterioides,2
968845,Chaetosphaeridium globosum,2
989062,Closterium rostratum,2
989430,Cosmarium ornatum,2
989465,Cosmocladium constrictum,2
996139,Willea rectangularis,2
1000403,Micrasterias thomasiana,2
1024536,Rabelera holostea,2
1030051,Cenchrus alopecuroides,2
1077112,Cosmarium candianum,2
1080241,Euastrum abruptum,2
1091473,Hindakia tetrachotoma,2
1124293,Jochenia pallescens,2
1405092,Coelastrum indicum,2
1415326,Coelastrum cruciatum,2
1497465,Trichostema coeruleum,2
1648336,Chlamydocapsa ampla,2
1686777,Pseudo-fumaria alba,2
47573,Juniperus horizontalis,1
47892,Impatiens glandulifera,1
49395,Pinus virginiana,1
49486,Rhododendron catawbiense,1
50171,Phacelia campanularia,1
50628,Erysimum capitatum,1
50851,Cerastium arvense,1
51048,Dicentra formosa,1
51336,Limnanthes douglasii,1
51453,Passiflora incarnata,1
52329,Amaranthus blitum,1
52499,Platanthera blephariglottis,1
52565,Althaea officinalis,1
52586,Silybum marianum,1
52694,Aira caryophyllea,1
52727,Cuscuta cephalanthi,1
53075,Geranium dissectum,1
53779,Humulus lupulus,1
54430,Ribes nigrum,1
54516,Brassica oleracea,1
54801,Morus rubra,1
54846,Salix lucida,1
55399,Crambe maritima,1
55629,Erythronium albidum,1
55722,Geranium pratense,1
55797,Fritillaria meleagris,1
55811,Prunus spinosa,1
55837,Prunus cerasifera,1
55885,Lonicera periclymenum,1
55909,Hieracium umbellatum,1
55938,Crocus speciosus,1
55979,Galeopsis tetrahit,1
56011,Tamarix parviflora,1
56132,Hyacinthoides non-scripta,1
56162,Malva sylvestris,1
56408,Reboulia hemisphaerica,1
56451,Metzgeria conjugata,1
56465,Riccardia multifida,1
56996,Sisymbrium altissimum,1
57005,Spergula arvensis,1
57183,Koeleria macrantha,1
57413,Narcissus bulbocodium,1
57418,Polygonatum multiflorum,1
57457,Stachys palustris,1
58135,Crassula aquatica,1
58185,Phacelia tanacetifolia,1
58202,Malva parviflora,1
59561,Ipomoea tricolor,1
60017,Petrorhagia saxifraga,1
60020,Petrorhagia prolifera,1
60210,Ammannia coccinea,1
60491,Linum perenne,1
60951,Hydrocotyle ranunculoides,1
60957,Gamochaeta purpurea,1
61034,Myriophyllum sibiricum,1
61058,Aira praecox,1
61223,Malus sylvestris,1
61521,Doronicum pardalianches,1
62186,Monarda bradburyana,1
62218,Camassia leichtlinii,1
62257,Isotria medeoloides,1
62312,Campanula rotundifolia,1
62777,Clematis viorna,1
62811,Carica papaya,1
62917,Amaranthus spinosus,1
62924,Catharanthus roseus,1
63134,Filipendula ulmaria,1
63190,Solanum melongena,1
63205,Arachis hypogaea,1
63329,Cyperus odoratus,1
63735,Prunus domestica,1
63935,Juglans regia,1
64332,Kickxia elatine,1
64350,Ginkgo biloba,1
67793,Camassia scilloides,1
68185,Impatiens walleriana,1
68608,Trentepohlia aurea,1
69150,Metasequoia glyptostroboides,1
69172,Pilea microphylla,1
69816,Sagittaria platyphylla,1
70054,Citrullus lanatus,1
70086,Lathyrus sphaericus,1
71257,Bouteloua gracilis,1
75310,Agrostemma githago,1
75314,Agrostis gigantea,1
75392,Amaranthus caudatus,1
75401,Amaranthus viridis,1
75562,Aristida oligantha,1
75602,Asclepias curassavica,1
75603,Asparagus aethiopicus,1
75768,Bidens vulgata,1
75869,Brassica napus,1
75911,Bromus secalinus,1
75937,Callitriche palustris,1
76127,Carex vesicaria,1
76135,Carthamus tinctorius,1
76294,Chloris verticillata,1
76340,Cinna latifolia,1
76422,Colutea arborescens,1
76434,Convolvulus tricolor,1
76480,Crepis tectorum,1
76538,Cucumis melo,1
76748,Dysphania botrys,1
76755,Echinochloa colona,1
76841,Epilobium palustre,1
77073,Erysimum repandum,1
77117,Euphorbia oblongata,1
77140,Festuca myuros,1
77216,Galium trifidum,1
77314,Gypsophila elegans,1
77513,Isoetes echinospora,1
77551,Juncus anthelatus,1
77586,Juncus nodosus,1
77655,Lemna trisulca,1
77669,Lepidium heterophyllum,1
77758,Limonium sinuatum,1
78158,Myriophyllum verticillatum,1
78563,Phyllostachys aurea,1
78589,Pistia stratiotes,1
78615,Plantago arenaria,1
78622,Plantago virginica,1
78649,Poa nemoralis,1
78704,Potamogeton alpinus,1
78713,Potamogeton praelongus,1
78762,Pseudognaphalium macounii,1
78843,Rhamnus alnifolia,1
78886,Rosa rubiginosa,1
78900,Rumex britannica,1
79021,Secale cereale,1
79202,Stellaria longifolia,1
79462,Ulmus parvifolia,1
79466,Utricularia minor,1
79492,Verbena pulchella,1
81990,Trollius laxus,1
82306,Acorus calamus,1
82853,Cydonia oblonga,1
83156,Hydrangea quercifolia,1
83960,Lophocolea bidentata,1
84171,Gaylussacia dumosa,1
85027,Lilium martagon,1
85429,Geranium sylvaticum,1
116362,Aesculus flava,1
118485,Chlamydomonas nivalis,1
118511,Trillium luteum,1
118736,Triplasis purpurea,1
118763,Oenothera oakesiana,1
118772,Liatris scariosa,1
118893,Euphrasia nemorosa,1
119092,Picea pungens,1
119651,Ruellia humilis,1
119812,Aconitum uncinatum,1
120895,Blephilia hirsuta,1
122251,Chamaelirium luteum,1
122530,Bambusa vulgaris,1
122793,Juglans ailantifolia,1
122866,Cucurbita maxima,1
122869,Cucurbita moschata,1
123506,Grimmia laevigata,1
123563,Plagiothecium laetum,1
123632,Corallina officinalis,1
124879,Cornus alba,1
125677,Smilax bona-nox,1
125699,Helianthus mollis,1
125733,Narcissus triandrus,1
125902,Cardamine douglassii,1
126334,Trillium recurvatum,1
126550,Helleborus orientalis,1
126575,Centaurea nigra,1
126645,Vitis vulpina,1
126710,Magnolia stellata,1
127361,Sphagnum fallax,1
127488,Leucothoe axillaris,1
127689,Echinacea pallida,1
127945,Packera paupercula,1
128032,Broussonetia papyrifera,1
128599,Dactylorhiza viridis,1
128652,Salvia coccinea,1
128660,Rumex verticillatus,1
128949,Dichanthelium acuminatum,1
129054,Tulipa gesneriana,1
129090,Carex frankii,1
130192,Helianthus maximiliani,1
130741,Silphium asteriscus,1
130895,Carex tribuloides,1
130906,Geum vernum,1
131001,Geum virginianum,1
131201,Aconitum napellus,1
131563,Euphorbia ophthalmica,1
131586,Colchicum autumnale,1
131623,Astrantia major,1
132219,Houstonia purpurea,1
132458,Thunbergia alata,1
132799,Sphagnum subsecundum,1
132849,Leonotis leonurus,1
133304,Oldenlandia corymbosa,1
133350,Impatiens balsamina,1
133354,Oxydendrum arboreum,1
133809,Philonotis fontana,1
135802,Picea orientalis,1
140117,Glyceria septentrionalis,1
141169,Carex conoidea,1
142715,Lindernia grandiflora,1
143364,Asterella tenella,1
143535,Calliergon cordifolium,1
143557,Kummerowia stipulacea,1
143793,Prunus padus,1
143893,Muhlenbergia tenuiflora,1
144149,Mitella nuda,1
146571,Ligularia dentata,1
146705,Symphyotrichum prenanthoides,1
152962,Carex retrorsa,1
154328,Pedicularis lanceolata,1
154999,Malaxis unifolia,1
156142,Sciuro-hypnum plumosum,1
156874,Thelia asprella,1
158084,Agastache scrophulariifolia,1
158107,Ageratina aromatica,1
158325,Anacamptodon splachnoides,1
158562,Arceuthobium pusillum,1
158673,Aristida tuberculosa,1
159051,Atrichum altecristatum,1
159154,Barbarea stricta,1
159178,Bartonia paniculata,1
159191,Basella alba,1
159231,Betula pumila,1
159481,Brotherella recurvans,1
159528,Bryum dichotomum,1
159605,Bupleurum rotundifolium,1
159718,Calypogeia sphagnicola,1
159727,Calystegia spithamaea,1
159761,Campanula medium,1
159896,Carex brevior,1
159927,Carex cumulata,1
159950,Carex festucacea,1
159965,Carex gracilescens,1
159970,Carex haydenii,1
159973,Carex hirta,1
159989,Carex kobomugi,1
159998,Carex leptonervia,1
160033,Carex muskingumensis,1
160055,Carex pallescens,1
160104,Carex siccata,1
160105,Carex silicea,1
160111,Carex straminea,1
160167,Carya ovalis,1
160499,Chenopodium ficifolium,1
160884,Coreopsis auriculata,1
161088,Crataegus schuettei,1
161280,Cuscuta pentagona,1
161415,Cynoglossum amabile,1
161431,Cyperus diandrus,1
161864,Dicranum montanum,1
161874,Dicranum viride,1
161981,Doellingeria infirma,1
162241,Eleocharis equisetoides,1
162293,Elymus wiegandii,1
162309,Encalypta procera,1
162562,Eriocaulon parkeri,1
162681,Eriophorum tenellum,1
162826,Euphorbia graminea,1
163001,Fissidens dubius,1
163003,Fissidens fontanus,1
163015,Fissidens osmundioides,1
163038,Fontinalis dalecarlica,1
163056,Forsstroemia trichomitria,1
163332,Glossostigma cleistanthum,1
163451,Gymnocladus dioicus,1
163506,Halesia tetraptera,1
163549,Hedera hibernica,1
163692,Herniaria glabra,1
163833,Hosta lancifolia,1
163848,Hudsonia ericoides,1
163955,Hypericum ascyron,1
163992,Hypnum cupressiforme,1
164043,Ilex montana,1
164131,Iris pallida,1
164160,Isoetes engelmannii,1
164258,Juncus compressus,1
164260,Juncus dichotomus,1
164275,Juncus pelocarpus,1
164526,Lepidium ruderale,1
164773,Lophocolea minor,1
164834,Lotus pedunculatus,1
164867,Ludwigia sphaerocarpa,1
164973,Lycopus rubellus,1
164975,Lycoris radiata,1
165091,Malaxis brachypoda,1
165098,Malcolmia maritima,1
165103,Malus angustifolia,1
165172,Marsupella emarginata,1
165363,Metzgeria furcata,1
165581,Muhlenbergia uniflora,1
165627,Myurella julacea,1
165770,Oclemena nemoralis,1
165775,Odontoschisma denudatum,1
165809,Oenothera nutans,1
165967,Orthotrichum pusillum,1
166615,Phaeoceros carolinianus,1
166651,Philadelphus inodorus,1
166988,Plagiomnium ellipticum,1
167151,Pohlia wahlenbergii,1
167324,Potamogeton oakesianus,1
167455,Proserpinaca pectinata,1
167478,Pseudobryum cinclidioides,1
167508,Pseudosasa japonica,1
167557,Ptilidium ciliare,1
167567,Ptychomitrium incurvum,1
167747,Ranunculus pensylvanicus,1
168297,Sagittaria engelmanniana,1
168301,Sagittaria teres,1
168418,Sanicula trifoliata,1
168634,Schoenoplectus torreyi,1
169109,Solidago hispida,1
169129,Solidago squarrosa,1
169158,Spergula pentandra,1
169231,Sphagnum recurvum,1
169492,Symphyotrichum urophyllum,1
169669,Thaspium barbinode,1
170056,Ulmus glabra,1
170159,Verbena simplex,1
170244,Viola hirsutula,1
170273,Vitex negundo,1
170370,Xyris montana,1
180413,Rhododendron groenlandicum,1
181815,Petunia integrifolia,1
182991,Palmaria palmata,1
183033,Hildenbrandia rubra,1
198888,Aquilegia atrata,1
199400,Chromolaena odorata,1
200053,Euphorbia prostrata,1
200073,Rudbeckia amplexicaulis,1
204146,Botrychium angustisegmentum,1
204184,Eupatorium pubescens,1
204189,Crataegus macracantha,1
204252,Bidens beckii,1
204319,Fallopia cristata,1
204320,Fallopia dumetorum,1
204362,Nasturtium microphyllum,1
204406,Salpiglossis sinuata,1
204419,Stachys hispida,1
208852,Stellaria nemorum,1
208966,Sedum dasyphyllum,1
243844,Desmodesmus opoliensis,1
244875,Pleurotaenium trabecula,1
245575,Symphytum caucasicum,1
275384,Euphorbia hypericifolia,1
276157,Lindernia anagallidea,1
285850,Sesamum indicum,1
318463,Cardamine dentata,1
319564,Symphyotrichum firmum,1
320578,Allium moly,1
325603,Schoenoplectiella mucronata,1
332548,Yucca flaccida,1
332924,Homalosorus pycnocarpos,1
334892,Crocus biflorus,1
338386,Euphorbia dulcis,1
341546,Solenostoma gracillimum,1
345985,Begonia grandis,1
346173,Salvia guaranitica,1
349246,Sedum makinoi,1
355620,Gillenia stipulata,1
357682,Jacobaea maritima,1
359175,Oenanthe javanica,1
359884,Epimedium alpinum,1
359903,Hakonechloa macra,1
367960,Corylus colurna,1
401314,Delphinium ajacis,1
404400,Osmanthus heterophyllus,1
406483,Thalictrum aquilegiifolium,1
407120,Salix gracilistyla,1
410380,Rhododendron simsii,1
429957,Acrosiphonia coalita,1
437555,Berberis julianae,1
445489,Nitella flexilis,1
450254,Cornus officinalis,1
450330,Ulmus laevis,1
460577,Prunus pendula,1
468118,Aphanochaete repens,1
468123,Botryococcus braunii,1
468150,Draparnaldia mutabilis,1
468153,Stigeoclonium tenue,1
468185,Coelastrum microporum,1
468208,Pleurotaenium nodosum,1
468273,Palmodictyon varium,1
468280,Stigeoclonium flagelliferum,1
468292,Sphaerozosma laeve,1
468354,Euastrum binale,1
470231,Closterium leibleinii,1
470513,Gonatozygon pilosum,1
470601,Pleurotaenium ehrenbergii,1
470731,Chara zeylanica,1
471080,Gonium pectorale,1
471320,Cosmarium impressulum,1
471354,Teilingia granulata,1
471357,Tetmemorus brebissonii,1
471363,Cylindrocapsa geminella,1
471660,Staurastrum avicula,1
471686,Microthamnion kuetzingianum,1
471744,Staurodesmus dickiei,1
471810,Euastrum ciastonii,1
471814,Cosmarium commissurale,1
472633,Staurodesmus cuspidatus,1
472674,Staurastrum leptocladum,1
472694,Euastrum didelta,1
472821,Pediastrum obtusum,1
473016,Cosmarium moniliforme,1
473630,Micrasterias conferta,1
473659,Staurodesmus brevispina,1
473844,Micrasterias torreyi,1
473865,Euastrum sinuosum,1
473991,Cosmarium turpinii,1
474363,Barnardia japonica,1
474599,Micrasterias depauperata,1
474779,Volvox globator,1
481712,Myriopteris lanosa,1
481941,Conocephalum conicum,1
491404,Closterium gracile,1
493202,Clinopodium nepeta,1
493317,Kirchneriella obesa,1
493518,Micrasterias nordstedtiana,1
493740,Closterium dianae,1
493956,Asterococcus superbus,1
494791,Closterium lunula,1
496962,Cryptotaenia japonica,1
507843,Tulipa kaufmanniana,1
545327,Ankistrodesmus spiralis,1
545700,Convallaria pseudomajalis,1
553036,Salix integra,1
553131,Closterium ralfsii,1
559775,Kirengeshoma palmata,1
705790,Lithospermum virginianum,1
739799,Phedimus kamtschaticus,1
741459,Viscaria vulgaris,1
742176,Actaea simplex,1
752465,Bistorta amplexicaulis,1
769248,Andersonglossum virginianum,1
779402,Allium ramosum,1
836721,Gypsophila vaccaria,1
864853,Staurastrum tetracerum,1
866208,Lipandra polysperma,1
874694,Closterium striolatum,1
878051,Chenopodiastrum simplex,1
896902,Chenopodiastrum hybridum,1
896910,Spirobassia hirsuta,1
899174,Spinoclosterium cuspidatum,1
902691,Mummenhoffia alliacea,1
906118,Betonica officinalis,1
907010,Gloeochaete wittrockiana,1
907222,Thalictrum rochebruneanum,1
911385,Petrosedum orientale,1
929050,Crocus neapolitanus,1
950596,Anemonoides ranunculoides,1
968675,Planktosphaeria gelatinosa,1
968726,Coelastrum astroideum,1
968838,Coleochaete pulvinata,1
969817,Staurastrum brevispina,1
969860,Cosmarium subprotumidum,1
987660,Apiocystis brauniana,1
991128,Elakatothrix gelatinosa,1
996091,Actinotaenium curtum,1
996239,Selenastrum bibraianum,1
996298,Staurastrum dilatatum,1
996326,Staurastrum polytrichum,1
996353,Staurodesmus lobatus,1
1005385,Cerastium holosteoides,1
1047389,Veronica teucrium,1
1075200,Nephrocytium lunatum,1
1092290,Messastrum gracile,1
1095846,Bidens alba,1
1121982,Ptychostomum capillare,1
1122768,Hymenoloma crispulum,1
1123489,Nyholmiella obtusifolia,1
1127198,Kellochloa verrucosa,1
1155078,Hydrocotyle batrachium,1
1181693,Phedimus ellacombeanus,1
1238738,Tomostima reptans,1
1259631,Cyperus brevifolioides,1
1266210,Willea irregularis,1
1267042,Scenedesmus quadricauda,1
1267194,Hariotina reticulata,1
1280793,Cyperus engelmannii,1
1342822,Xanthidium scrobiculatum,1
1361694,Eupatorium subvenosum,1
1364907,Muscari azureum,1
1392340,Viola incognita,1
1393273,Viola rafinesquei,1
1415325,Radiofilum conjunctivum,1
1425373,Arisaema pusillum,1
1464402,Calypogeia neogaea,1
1499350,Carex billingsii,1
1503473,Cosmarium panduriforme,1
1506723,Sagittaria calycina,1
1568998,Senega aquilonia,1
1569067,Senega officinalis,1
1593093,Euphrosyne xanthiifolia,1
1593175,Polystichum polyblepharon,1
1617154,Anatherum glomeratum,1
