taxon_id,species,common_name,ct_cultivated_obs
83072,Syringa vulgaris,common lilac,380
122034,Hydrangea macrophylla,mophead hydrangea,356
125742,Prunus serrulata,Japanese Cherry,349
60364,Rhododendron ponticum,Pontic Rhododendron,192
127480,Stachys byzantina,woolly hedgenettle,164
133390,Hydrangea paniculata,Panicle Hydrangea,160
208830,Rhododendron indicum,southern Indian azalea,133
83074,Magnolia grandiflora,southern magnolia,131
161582,Dahlia pinnata,Garden Dahlia,122
181901,Zinnia elegans,Elegant Zinnia,121
168387,Salvia nemorosa,Purple Wood Sage,120
128167,Paeonia officinalis,common peony,113
941713,Salvia yangii,Swanleaf Clouding Sage,101
135659,Platycladus orientalis,Chinese arborvitae,96
71147,Cryptomeria japonica,sugi,94
349271,Impatiens hawkeri,New Guinea Impatiens,93
163663,Hemerocallis lilioasphodelus,yellow daylily,88
129057,Sciadopitys verticillata,koyamaki,79
291284,Coleus scutellarioides,Coleus,79
69223,Epipremnum aureum,Golden Pothos,74
117430,Cladrastis kentukea,Kentucky yellowwood,67
61398,Ocimum basilicum,Sweet basil,65
133395,Lavandula angustifolia,Common Lavender,65
164326,Kalanchoe blossfeldiana,Flaming Katy,63
136234,Cedrus atlantica,Atlas cedar,57
160259,Celosia argentea,Quail Grass,57
165681,Nepeta racemosa,Eastern Cat-mint,56
125761,Magnolia liliiflora,Lily Magnolia,54
120525,Acer griseum,Paperbark Maple,53
76465,Crassula ovata,jade plant,52
128688,Viburnum rhytidophyllum,Leatherleaf viburnum,50
950312,Eriocapitella hupehensis,Hubei Anemone,50
163908,Hylotelephium spectabile,Butterfly Stonecrop,49
131645,Fothergilla gardenii,Coastal Witch-Alder,48
164038,Ilex cornuta,Chinese holly,48
48514,Capsicum annuum,chili pepper,47
133369,Chamaecyparis obtusa,Hinoki cypress,47
284040,Spathiphyllum wallisii,Peace Lily,45
54919,Cucumis sativus,Cucumber,44
61432,Prunus laurocerasus,Cherry laurel,44
50333,Lantana camara,common lantana,42
155984,Stokesia laevis,Stokes' aster,42
199339,Prunus campanulata,Taiwan Cherry,41
429454,Syringa meyeri,korean lilac,40
51738,Salvia officinalis,garden sage,39
126510,Dracaena reflexa,Song of India,39
126515,Dracaena fragrans,cornstalk dracaena,39
51223,Schlumbergera truncata,Crab Cactus,38
53945,Styphnolobium japonicum,Japanese pagoda tree,38
133373,Stewartia pseudocamellia,Japanese stewartia,38
426065,Hosta sieboldii,Small-leaved Plantain Lily,38
164028,Iberis sempervirens,Perennial Candytuft,37
123925,Chamaecyparis pisifera,Sawara cypress,36
327733,Mandevilla sanderi,Brazilian jasmine,36
128268,Gomphrena globosa,Globe amaranth,35
322492,Chlorophytum comosum,Spider plant,35
636795,Salvia rosmarinus,Rosemary,35
167634,Quercus acutissima,Sawtooth oak,32
60218,Ficus carica,common fig,31
127387,Codiaeum variegatum,Variegated Croton,30
48384,Heuchera sanguinea,coralbells,29
122976,Lactuca sativa,lettuce,28
126882,Aloe vera,aloe vera,28
135394,Lagerstroemia indica,Crape-myrtle,27
61454,Polygonatum odoratum,Scented Solomon's-seal,26
67710,Sansevieria trifasciata,Snake Plant,25
135727,Pinus mugo,mountain pine,24
156106,Shortia galacifolia,Oconee bells,24
159204,Begonia cucullata,Wax begonia,24
201458,Ficus lyrata,Fiddle-leaf Fig,24
1239449,Heptapleurum arboricola,Miniature umbrella tree,24
1396475,Astilbe chinensis,Tall false-buck's-beard,24
146643,Canna indica,Indian shot,22
148006,Salvia farinacea,Mealy Blue Sage,22
69235,Anthurium andraeanum,painter's-palette,21
160698,Clematis viticella,Italian Clematis,21
169883,Tradescantia zebrina,Zebra Spiderwort,21
327754,Oxalis triangularis,false shamrock,21
450880,Rhododendron mucronulatum,Korean rhododendron,21
56206,Aucuba japonica,Japanese aucuba,20
120944,Ageratum houstonianum,bluemink,20
186498,Heptacodium miconioides,Seven Sons Tree,20
281273,Gomphocarpus physocarpus,balloonplant,20
410828,Hamamelis mollis,Chinese witch-hazel,20
133396,Rhododendron carolinianum,Carolina Rhododendron,19
158311,Amsonia hubrichtii,Hubricht's Bluestar,19
164011,Hypoestes phyllostachya,Polka Dot Plant,19
135925,Juniperus chinensis,Chinese juniper,18
141621,Franklinia alatamaha,Franklin tree,18
62831,Persea americana,Avocado,17
62941,Ipomoea batatas,sweet potato,17
223665,Lilium bulbiferum,fire lily,17
800897,Dracaena sanderiana,Lucky Bamboo,17
54498,Beta vulgaris,Beet,16
162845,Euphorbia pulcherrima,Poinsettia,16
54831,Malus coronaria,sweet crabapple,15
56035,Kniphofia uvaria,Red Hot Poker,15
145718,Hosta plantaginea,Scented hosta,15
169872,Tradescantia pallida,Purple Heart,15
341141,Cyclamen persicum,Persian Cyclamen,15
51779,Sempervivum tectorum,Houseleek,14
120490,Philodendron hederaceum,heart-leaf philodendron,14
154852,Pachira aquatica,provision tree,14
161761,Deutzia scabra,Deutzia,14
367277,Zamioculcas zamiifolia,Zanzibar gem,14
48592,Allium cepa,Common Onion,13
56306,Erica carnea,Spring Heath,13
68317,Pentas lanceolata,Egyptian Star-cluster,13
124741,Viburnum lantana,Wayfaring-tree,13
126404,Araucaria araucana,monkey-puzzle,13
143203,Salvia splendens,Scarlet Sage,13
208757,Buxus microphylla,Small-leaved Box,13
366346,Maranta leuconeura,Prayer plant,13
437502,Fritillaria imperialis,Crown imperial,13
801794,Narcissus cuneiflorus,,13
950313,Eriocapitella japonica,Japanese anemone,13
67539,Clerodendrum trichotomum,Harlequin glorybower,12
85338,Salvia pratensis,Meadow Sage,12
122850,Phaseolus vulgaris,Common Bean,12
126507,Ficus elastica,rubber plant,12
129523,Hoya carnosa,wax plant,12
135791,Pinus parviflora,Japanese white pine,12
161821,Dichondra argentea,silver ponysfoot,12
164125,Iris ensata,Japanese iris,12
273763,Graptopetalum paraguayense,Ghost-plant,12
411038,Hosta sieboldiana,Siebold's Plantain Lily,12
495856,Rhododendron schlippenbachii,royal azalea,12
820904,Callitropsis nootkatensis,Alaska yellow cedar,12
873768,Nicotiana tabacum,Cultivated tobacco,12
51810,Laburnum anagyroides,Common Laburnum,11
85469,Thymus vulgaris,common thyme,11
122521,Monstera deliciosa,Swiss Cheese Plant,11
122835,Colocasia esculenta,Taro,11
123728,Cymbopogon citratus,Lemon Grass,11
125439,Pilea peperomioides,Chinese money plant,11
130866,Nephrolepis exaltata,southern sword fern,11
210194,Clivia miniata,Natal Lily,11
884816,Hydrangea serrata,Mountain Hydrangea,11
67790,Aesculus glabra,Ohio buckeye,10
70045,Acanthus mollis,Bear's breeches,10
143781,Cotinus obovatus,American smoketree,10
143800,Tilia tomentosa,Silver Lime,10
153386,Salvia elegans,Pineapple Sage,10
170388,Yucca gloriosa,moundlily yucca,10
430581,Cenchrus setaceus,Fountain Grass,10
1111696,Delphinium cultorum,garden delphinium,10
50996,Ficus benjamina,Weeping fig,9
77993,Mentha suaveolens,Apple Mint,9
79461,Ulmus minor,Field Elm,9
84092,Spinacia oleracea,Spinach,9
