taxon_id,name,obs_count,tier
82358,Chimaphila maculata,5136,head
56061,Alliaria petiolata,3475,head
48961,Symplocarpus foetidus,3332,head
52856,Artemisia vulgaris,3331,head
60367,Pyrola americana,3094,head
49397,Kalmia latifolia,2706,head
78882,Rosa multiflora,2696,head
49477,Monotropa uniflora,2593,head
54412,Polystichum acrostichoides,2531,head
52391,Pinus strobus,2525,head
67748,Maianthemum canadense,2418,head
64540,Celastrus orbiculatus,2357,head
82576,Onoclea sensibilis,2243,head
48599,Phytolacca americana,2226,head
117433,Euonymus alatus,2226,head
58732,Toxicodendron radicans,2207,head
62997,Viburnum acerifolium,2059,head
64697,Elaeagnus umbellata,2057,head
58727,Berberis thunbergii,2015,head
83799,Mitchella repens,1987,head
47911,Asclepias syriaca,1926,head
54795,Sassafras albidum,1924,head
48240,Erythronium americanum,1908,head
47888,Impatiens capensis,1796,head
69752,Houstonia caerulea,1750,head
47699,Geranium maculatum,1743,head
950598,Anemonoides quinquefolia,1713,head
49202,Fagus grandifolia,1710,head
84227,Rubus phoenicolasius,1704,head
59029,Verbascum thapsus,1670,head
52867,Clethra alnifolia,1655,head
51875,Trifolium pratense,1621,head
49399,Juniperus virginiana,1566,head
54834,Prunus serotina,1530,head
47588,Cypripedium acaule,1521,head
50310,Arisaema triphyllum,1511,head
55830,Glechoma hederacea,1498,head
53582,Liriodendron tulipifera,1461,head
76610,Daucus carota,1448,head
48734,Tsuga canadensis,1442,head
50855,Trillium erectum,1430,head
51970,Hamamelis virginiana,1412,head
51044,Sanguinaria canadensis,1389,head
55757,Chelidonium majus,1363,head
55745,Trifolium repens,1251,head
914922,Reynoutria japonica,1243,head
52764,Prunella vulgaris,1202,head
52821,Achillea millefolium,1190,head
63115,Dennstaedtia punctilobula,1166,head
130888,Erechtites hieraciifolius,1136,head
54793,Lindera benzoin,1129,head
51062,Maianthemum racemosum,1112,head
64237,Phragmites australis,1091,head
50278,Parthenocissus quinquefolia,1090,head
48098,Acer rubrum,1061,head
61119,Ilex verticillata,1045,head
79484,Veratrum viride,1043,head
204165,Osmundastrum cinnamomeum,1039,head
55620,Solanum dulcamara,1028,head
55844,Vinca minor,1013,head
55851,Lamium purpureum,1013,head
119828,Aralia nudicaulis,1005,head
61321,Lythrum salicaria,986,head
167829,Rhus typhina,964,head
53178,Plantago lanceolata,945,head
54763,Acer platanoides,921,head
144047,Persicaria virginiana,909,head
47697,Hesperis matronalis,902,head
57278,Ailanthus altissima,893,head
204174,Lysimachia borealis,891,head
119048,Ageratina altissima,888,head
49186,Castanea dentata,880,head
50790,Linaria vulgaris,851,head
204321,Ficaria verna,851,head
48038,Lobelia cardinalis,847,head
52927,Commelina communis,844,head
56099,Ajuga reptans,817,head
47435,Lotus corniculatus,815,head
143803,Persicaria longiseta,807,head
62406,Goodyera pubescens,805,head
52899,Solanum carolinense,796,head
54924,Medeola virginiana,796,head
52913,Cichorium intybus,793,head
83653,Rosa rugosa,785,head
159836,Cardamine impatiens,785,head
52763,Cephalanthus occidentalis,778,head
77835,Lonicera japonica,778,head
127186,Securigera varia,775,head
123049,Panax trifolius,774,head
1398911,Amauropelta noveboracensis,758,head
129020,Veronica officinalis,751,head
47602,Taraxacum officinale,747,head
49868,Aquilegia canadensis,736,head
125489,Rubus occidentalis,727,head
204237,Ampelopsis glandulosa,713,head
79109,Silene latifolia,712,head
1002684,Osmunda spectabilis,712,head
62351,Lobelia inflata,696,head
54410,Dryopteris marginalis,690,head
56224,Caltha palustris,684,head
118548,Thalictrum thalictroides,677,head
82580,Lysimachia quadrifolia,669,head
121031,Comptonia peregrina,664,head
54779,Quercus alba,655,head
58795,Apocynum cannabinum,652,head
126698,Rhus copallinum,650,head
62376,Gaultheria procumbens,645,head
84300,Sambucus canadensis,645,head
62741,Rudbeckia hirta,635,head
52599,Pontederia cordata,623,head
127685,Eurybia divaricata,620,head
55829,Cardamine hirsuta,611,head
204198,Dendrolycopodium obscurum,610,head
64541,Dianthus armeria,606,head
67772,Uvularia sessilifolia,602,head
56137,Ornithogalum umbellatum,600,head
49662,Platanus occidentalis,587,head
59986,Monotropa hypopitys,586,head
126823,Spiraea alba,585,head
47912,Asclepias tuberosa,584,head
85325,Geum canadense,581,head
52989,Cirsium vulgare,575,head
82568,Dryopteris intermedia,556,head
128551,Solidago rugosa,555,head
49882,Betula alleghaniensis,551,head
81797,Hypoxis hirsuta,550,head
63062,Actaea pachypoda,543,head
116710,Microstegium vimineum,541,head
130893,Euonymus fortunei,538,head
287345,Linaria canadensis,537,head
51053,Dicentra cucullaria,533,head
48095,Acer pensylvanicum,531,head
85485,Amphicarpaea bracteata,531,head
125381,Asclepias incarnata,530,head
53587,Ambrosia artemisiifolia,525,head
55972,Frangula alnus,525,head
63058,Osmunda claytoniana,525,head
60746,Smilax rotundifolia,524,head
55882,Hedera helix,522,head
204271,Circaea canadensis,515,head
119045,Eupatorium perfoliatum,512,head
52543,Acer saccharum,511,head
142928,Pachysandra terminalis,505,head
52681,Pteridium aquilinum,502,head
84813,Baccharis halimifolia,497,head
55634,Allium tricoccum,494,head
204176,Micranthes virginiensis,487,head
49288,Podophyllum peltatum,475,head
60749,Ilex opaca,475,head
741014,Hepatica americana,461,head
49157,Betula lenta,457,head
62441,Lysimachia ciliata,457,head
56088,Robinia pseudoacacia,452,head
740984,Silene flos-cuculi,452,head
120005,Solidago caesia,446,head
81831,Smilax glauca,441,head
204160,Ligustrum obtusifolium,435,head
81597,Potentilla canadensis,434,head
64544,Morella pensylvanica,428,head
117434,Claytonia virginica,428,head
56154,Saponaria officinalis,426,head
60251,Verbena hastata,426,head
54411,Polypodium virginianum,425,head
52724,Equisetum arvense,416,head
52471,Vicia cracca,412,head
204179,Persicaria sagittata,410,head
53195,Rumex acetosella,407,head
54777,Cornus florida,406,head
55749,Veronica serpyllifolia,405,head
204143,Athyrium angustum,398,head
82316,Chelone glabra,397,head
119817,Apios americana,394,head
48435,Adiantum pedatum,389,head
126371,Ranunculus abortivus,388,head
146717,Solidago bicolor,388,head
85320,Monarda fistulosa,386,head
122100,Diphasiastrum digitatum,386,head
62211,Potentilla recta,384,head
81897,Baptisia tinctoria,382,head
82310,Carex lurida,380,head
83154,Zizia aurea,380,head
54768,Carpinus caroliniana,378,head
47726,Acer negundo,375,head
62399,Mimulus ringens,375,head
128040,Viola cucullata,373,head
51119,Nymphaea odorata,371,head
497911,Polygaloides paucifolia,371,head
63371,Rumex obtusifolius,364,head
76907,Erigeron canadensis,360,head
131165,Iva frutescens,359,head
54764,Rhus glabra,357,head
54791,Carya ovata,355,head
128715,Thalictrum pubescens,349,head
62778,Clematis virginiana,346,head
127322,Polygonatum pubescens,345,head
53041,Kalmia angustifolia,344,head
117437,Phlox paniculata,343,head
56222,Tussilago farfara,340,head
54839,Populus grandidentata,339,head
48682,Spiraea tomentosa,336,head
59753,Erigeron pulchellus,335,head
49005,Quercus rubra,334,head
62367,Melampyrum lineare,334,head
58749,Cornus amomum,333,head
55854,Datura stramonium,332,head
75371,Allium vineale,332,head
128095,Carex intumescens,331,head
47779,Iris pseudacorus,330,head
63567,Picea abies,330,head
82407,Huperzia lucidula,328,head
126888,Solidago sempervirens,326,head
54854,Tilia americana,324,head
53464,Pinus rigida,317,head
56057,Leucanthemum vulgare,314,head
243824,Potentilla indica,312,head
128686,Quercus montana,311,head
204148,Capnoides sempervirens,311,head
51741,Aegopodium podagraria,305,head
129278,Verbena urticifolia,304,head
62685,Epifagus virginiana,303,head
122056,Asplenium platyneuron,301,head
64293,Triodanis perfoliata,297,head
60132,Cirsium arvense,292,head
118512,Cardamine diphylla,292,head
48618,Echinocystis lobata,291,head
1278022,Callicladium imponens,288,head
132625,Lyonia ligustrina,285,head
55823,Draba verna,284,head
58893,Euphorbia maculata,281,head
130989,Euthamia graminifolia,281,head
55925,Geranium robertianum,275,head
62207,Oenothera biennis,275,head
158549,Aralia elata,274,head
51809,Lysimachia nummularia,268,head
54775,Cornus alternifolia,268,head
82574,Matteuccia struthiopteris,268,head
119806,Lobelia siphilitica,268,head
125482,Pilea pumila,268,head
50717,Epipactis helleborine,267,head
55981,Lapsana communis,267,head
142979,Vernonia noveboracensis,265,head
52119,Populus deltoides,264,head
52720,Dactylis glomerata,264,head
54762,Acer saccharinum,264,head
57481,Calystegia sepium,264,head
55766,Euphorbia cyparissias,263,head
57056,Medicago lupulina,262,head
77155,Fragaria virginiana,260,head
125186,Lespedeza capitata,259,head
133293,Limonium carolinianum,258,head
133393,Viola labradorica,257,head
54802,Nyssa sylvatica,255,head
58991,Portulaca oleracea,255,head
48062,Lysimachia terrestris,253,head
49884,Betula populifolia,253,head
48206,Convallaria majalis,252,head
62377,Rubus odoratus,252,head
59980,Conopholis americana,251,head
84281,Clinopodium vulgare,250,head
204177,Persicaria arifolia,248,head
485191,Silene coronaria,248,head
1038940,Solanum emulans,248,head
54504,Juglans nigra,247,head
63166,Viburnum lantanoides,247,head
79408,Trifolium arvense,246,head
118473,Sedum sarmentosum,244,head
48726,Iris versicolor,243,head
56090,Morus alba,242,head
48070,Sagittaria latifolia,241,head
82536,Viola pedata,240,head
83075,Epigaea repens,237,head
130898,Collinsonia canadensis,237,head
53197,Rumex crispus,236,head
862704,Scilla siberica,236,head
117443,Symphyotrichum novae-angliae,235,head
119802,Laportea canadensis,235,head
79460,Turritis glabra,234,head
56077,Hypericum perforatum,232,head
131000,Dichanthelium clandestinum,229,head
58907,Melilotus albus,223,head
47894,Opuntia humifusa,222,head
57356,Amorpha fruticosa,222,head
53059,Galium aparine,221,head
69713,Rubus hispidus,220,head
204339,Lamium galeobdolon,220,head
52740,Vaccinium corymbosum,219,head
130737,Quercus ilicifolia,219,head
204153,Eutrochium dubium,219,head
460193,Potentilla hebiichigo,218,head
75995,Campsis radicans,216,head
76214,Centaurea stoebe,216,head
127634,Trichostema dichotomum,216,head
51227,Pedicularis canadensis,215,head
57824,Sambucus racemosa,215,head
60214,Abutilon theophrasti,213,head
55886,Lunaria annua,212,head
82317,Hibiscus moscheutos,212,head
75832,Boehmeria cylindrica,211,head
55748,Veronica arvensis,210,head
77638,Lathyrus japonicus,210,head
133237,Hieracium paniculatum,209,head
47359,Apocynum androsaemifolium,208,head
83456,Decodon verticillatus,208,head
128805,Gaylussacia baccata,206,head
127907,Chamaecrista fasciculata,205,head
58127,Chenopodium album,203,head
59063,Cyperus strigosus,203,head
60221,Ludwigia palustris,203,head
154387,Chrysosplenium americanum,203,head
49822,Rhododendron periclymenoides,202,head
55459,Lamium amplexicaule,202,head
119145,Mikania scandens,202,head
126251,Coptis trifolia,197,head
49883,Betula papyrifera,196,head
76158,Catalpa speciosa,195,head
76897,Erigeron annuus,195,head
83059,Rhododendron maximum,195,head
54771,Ostrya virginiana,194,head
126583,Hemerocallis fulva,194,head
52651,Sarracenia purpurea,193,head
153441,Symphyotrichum cordifolium,192,head
53094,Heracleum maximum,191,head
53034,Ambrosia trifida,188,head
82569,Thelypteris palustris,188,head
62236,Chimaphila umbellata,187,head
81802,Ranunculus recurvatus,187,head
130690,Rhexia virginica,186,head
53374,Corylus cornuta,185,head
79358,Thlaspi arvense,185,head
359147,Viola fimbriatula,185,head
47891,Impatiens pallida,182,head
53983,Digitalis purpurea,182,head
68034,Hieracium venosum,182,head
143859,Pseudognaphalium obtusifolium,181,head
79409,Trifolium aureum,179,head
49006,Quercus velutina,178,head
54811,Rhamnus cathartica,177,head
48685,Typha latifolia,174,head
59773,Lonicera morrowii,174,head
78090,Mollugo verticillata,173,head
54797,Gleditsia triacanthos,171,head
53211,Senecio vulgaris,169,head
56171,Leonurus cardiaca,168,head
204173,Hylodesmum nudiflorum,166,head
57131,Lilium canadense,165,head
131249,Persicaria perfoliata,164,head
55721,Silene vulgaris,162,head
127609,Rhodotypos scandens,162,head
76745,Dulichium arundinaceum,161,head
78387,Peltandra virginica,161,head
120181,Oclemena acuminata,161,head
1351707,Tiarella stolonifera,160,head
51606,Galanthus nivalis,159,head
82097,Potentilla simplex,159,head
75867,Brasenia schreberi,158,head
76005,Cardamine pensylvanica,157,head
163550,Hedwigia ciliata,157,head
58961,Plantago major,156,head
170203,Viburnum plicatum,155,head
82515,Pyrola elliptica,154,head
204420,Strophostyles helvola,154,head
54840,Populus tremuloides,153,head
119793,Pyrus calleryana,153,head
54037,Thuja occidentalis,151,head
61009,Lathyrus latifolius,151,head
82300,Rhododendron viscosum,151,head
81942,Penstemon digitalis,150,head
67983,Diervilla lonicera,149,head
126768,Pycnanthemum muticum,148,head
116329,Packera aurea,145,head
208963,Vincetoxicum nigrum,144,head
51435,Trillium undulatum,143,head
54770,Corylus americana,143,head
54787,Carya cordiformis,142,head
129505,Desmodium canadense,142,head
163870,Hydrocotyle americana,142,head
116735,Rudbeckia laciniata,141,head
56126,Barbarea vulgaris,140,head
64543,Prunus maritima,139,head
67555,Codium fragile,139,head
68884,Phlox subulata,139,head
154524,Smilax herbacea,139,head
802714,Aphyllon uniflorum,139,head
145367,Hypericum gentianoides,138,head
53794,Clintonia borealis,137,head
67820,Erigeron philadelphicus,137,head
78820,Ranunculus bulbosus,137,head
129324,Dioscorea villosa,137,head
77914,Lycopodium clavatum,136,head
144193,Ionactis linariifolia,135,head
169738,Thuidium delicatulum,135,head
84542,Vaccinium angustifolium,134,head
61323,Conocephalum salebrosum,132,head
82302,Rosa palustris,132,head
170095,Uvularia perfoliata,132,head
59991,Comandra umbellata,130,head
79067,Setaria faberi,130,head
54835,Prunus virginiana,129,head
164342,Kalopanax septemlobus,129,head
204164,Nuphar variegata,129,head
53107,Lactuca serriola,128,head
132224,Lysimachia clethroides,128,head
59549,Lupinus polyphyllus,127,head
75609,Asplenium trichomanes,127,head
82564,Dryopteris carthusiana,127,head
128620,Hackelia virginiana,127,head
79017,Scutellaria lateriflora,126,head
122249,Symphyotrichum lateriflorum,126,head
124552,Potentilla argentea,126,head
130998,Ludwigia alternifolia,126,head
52673,Equisetum hyemale,125,head
55021,Arabidopsis thaliana,125,head
49870,Actaea rubra,122,head
53547,Ulmus americana,122,head
119792,Paulownia tomentosa,122,head
120579,Gentiana clausa,122,head
145435,Epilobium coloratum,122,head
167010,Plantago rugelii,121,head
544286,Viola eriocarpa,121,head
82552,Deparia acrostichoides,119,head
772903,Sporobolus alterniflorus,119,head
79301,Symphyotrichum lanceolatum,118,head
129021,Cryptotaenia canadensis,118,head
60125,Cicuta maculata,117,head
84330,Caulophyllum thalictroides,117,head
131568,Chamaecrista nictitans,117,head
1391871,Viola communis,117,head
53183,Oxalis stricta,115,head
57317,Vicia villosa,115,head
82110,Rubus allegheniensis,115,head
53110,Lactuca canadensis,113,head
447069,Persicaria extremiorientalis,113,head
52658,Drosera rotundifolia,112,head
54531,Cardamine pratensis,112,head
632667,Vincetoxicum rossicum,111,head
55969,Viburnum opulus,110,head
79002,Scirpus cyperinus,110,head
122603,Schizachyrium scoparium,110,head
58725,Juniperus communis,109,head
76942,Erigeron strigosus,108,head
53793,Mitella diphylla,107,head
56065,Galium odoratum,107,head
59771,Mertensia virginica,107,head
82311,Carex lupulina,107,head
122091,Woodsia obtusa,107,head
126169,Staphylea trifolia,107,head
52162,Cakile edentula,106,head
84270,Vaccinium pallidum,106,head
127684,Viola blanda,106,head
59570,Arctium minus,105,head
77206,Galium mollugo,105,head
138983,Lespedeza hirta,105,head
204172,Fallopia scandens,105,head
53065,Galium triflorum,104,head
53298,Stellaria media,104,head
53307,Cerastium fontanum,104,head
77676,Lepidium virginicum,104,head
51610,Veronica chamaedrys,103,head
135261,Solidago juncea,103,head
154326,Lespedeza violacea,103,head
136608,Bazzania trilobata,102,head
54784,Quercus coccinea,101,head
55971,Tanacetum vulgare,100,head
68053,Vitis labrusca,100,head
75501,Arctium lappa,99,mid
119269,Quercus stellata,99,mid
56121,Capsella bursa-pastoris,98,mid
56170,Galinsoga quadriradiata,98,mid
82342,Lonicera maackii,98,mid
132767,Chamaedaphne calyculata,98,mid
56406,Marchantia polymorpha,97,mid
57190,Phleum pratense,97,mid
85321,Campanula rapunculoides,97,mid
77616,Lactuca biennis,96,mid
82566,Dryopteris cristata,96,mid
169900,Trapa natans,96,mid
49130,Myosotis scorpioides,95,mid
57066,Melilotus officinalis,95,mid
81594,Elymus hystrix,95,mid
133353,Malus toringo,94,mid
159499,Bryoandersonia illecebra,94,mid
859236,Hypericum virginicum,94,mid
57920,Xanthium strumarium,93,mid
82372,Galium circaezans,93,mid
61824,Trifolium hybridum,92,mid
62371,Sparganium americanum,92,mid
117435,Sicyos angulatus,92,mid
117440,Eutrochium maculatum,92,mid
126369,Anemone virginiana,92,mid
55666,Veronica persica,91,mid
122081,Phegopteris hexagonoptera,91,mid
126249,Akebia quinata,91,mid
130993,Desmodium paniculatum,91,mid
170200,Viburnum dilatatum,91,mid
62776,Clematis terniflora,90,mid
79487,Verbena bonariensis,90,mid
83073,Solidago gigantea,90,mid
85313,Physostegia virginiana,90,mid
169984,Trillium cernuum,90,mid
63512,Acer palmatum,89,mid
64547,Teucrium canadense,89,mid
127326,Carex pensylvanica,89,mid
133038,Penthorum sedoides,89,mid
52992,Matricaria discoidea,88,mid
126864,Viola rotundifolia,88,mid
204246,Atocion armeria,87,mid
48688,Setaria pumila,86,mid
63337,Phalaris arundinacea,86,mid
119825,Aralia hispida,86,mid
490542,Krigia virginica,86,mid
53324,Vicia sativa,85,mid
54805,Fraxinus americana,85,mid
84998,Carex swanii,85,mid
126891,Pycnanthemum tenuifolium,85,mid
181927,Parthenocissus inserta,85,mid
51808,Lysimachia punctata,84,mid
59028,Verbascum blattaria,83,mid
119095,Conoclinium coelestinum,83,mid
119813,Actaea racemosa,83,mid
125386,Asclepias exaltata,83,mid
130368,Osmorhiza longistylis,83,mid
53038,Drosera intermedia,82,mid
53313,Trifolium dubium,80,mid
119154,Solidago flexicaulis,80,mid
132711,Hypericum punctatum,80,mid
163087,Froelichia gracilis,80,mid
54773,Viburnum lentago,79,mid
54789,Carya glabra,79,mid
60146,Pluchea odorata,79,mid
67775,Claytonia caroliniana,79,mid
129315,Ceanothus americanus,79,mid
204156,Hylodesmum glutinosum,79,mid
120179,Doellingeria umbellata,78,mid
128839,Lobelia spicata,78,mid
130174,Danthonia spicata,78,mid
54767,Toxicodendron vernix,77,mid
63749,Vaccinium macrocarpon,77,mid
157903,Acalypha rhomboidea,77,mid
76025,Carex comosa,76,mid
119827,Aralia racemosa,76,mid
120403,Tridens flavus,76,mid
170204,Viburnum recognitum,76,mid
402509,Pilosella officinarum,76,mid
933404,Centaurea cyanus,76,mid
51712,Bidens frondosa,75,mid
76584,Cyperus esculentus,75,mid
119809,Lonicera sempervirens,75,mid
142730,Hieracium scabrum,75,mid
474366,Humulus scandens,75,mid
54520,Tanacetum parthenium,74,mid
55730,Spergularia rubra,74,mid
1138520,Pseudanomodon attenuatus,74,mid
122101,Diphasiastrum tristachyum,73,mid
1614093,Chelidonium diphyllum,73,mid
54785,Quercus palustris,72,mid
78084,Mirabilis nyctaginea,72,mid
84113,Helianthus divaricatus,72,mid
128798,Aronia melanocarpa,72,mid
129491,Carex platyphylla,72,mid
53039,Pogonia ophioglossoides,71,mid
78453,Persicaria hydropiperoides,71,mid
81605,Yucca filamentosa,71,mid
82313,Carex stricta,71,mid
130176,Chondrus crispus,71,mid
142279,Symphyotrichum pilosum,71,mid
1569019,Senega sanguinea,71,mid
75475,Anthoxanthum odoratum,70,mid
82247,Viburnum dentatum,70,mid
122085,Sceptridium dissectum,70,mid
125727,Panicum virgatum,70,mid
130900,Menispermum canadense,70,mid
127196,Myosotis stricta,69,mid
62588,Hypericum mutilum,68,mid
52500,Platanthera clavellata,67,mid
77349,Helenium autumnale,67,mid
119807,Lonicera canadensis,67,mid
129196,Rosa carolina,67,mid
168856,Sericocarpus asteroides,67,mid
170140,Verbascum phlomoides,67,mid
52344,Ipomoea purpurea,66,mid
122658,Leucobryum glaucum,66,mid
61935,Scleranthus annuus,65,mid
78616,Plantago aristata,65,mid
121968,Andropogon gerardi,65,mid
128931,Vitis aestivalis,65,mid
141854,Urtica gracilis,65,mid
53269,Sonchus asper,64,mid
60265,Asparagus officinalis,64,mid
122608,Sorghastrum nutans,64,mid
1038574,Borodinia laevigata,64,mid
53268,Maianthemum stellatum,63,mid
58721,Larix laricina,63,mid
75916,Buddleja davidii,63,mid
123625,Digitalis grandiflora,63,mid
204185,Nabalus trifoliolatus,63,mid
54857,Celtis occidentalis,62,mid
69930,Juncus tenuis,62,mid
78930,Salicornia depressa,62,mid
84114,Helenium flexuosum,62,mid
156531,Proserpinaca palustris,61,mid
53104,Hypochaeris radicata,60,mid
117429,Betula nigra,60,mid
145483,Symphyotrichum tenuifolium,60,mid
169483,Symphyotrichum racemosum,60,mid
773660,Salix atrocinerea,60,mid
55809,Leucojum aestivum,59,mid
61253,Lilium philadelphicum,59,mid
77779,Lindernia dubia,59,mid
79131,Sium suave,59,mid
81599,Silphium perfoliatum,59,mid
129689,Angelica atropurpurea,59,mid
143558,Kummerowia striata,59,mid
711086,Pilosella caespitosa,59,mid
49192,Castanea mollissima,58,mid
60997,Ceratophyllum demersum,58,mid
81748,Thalictrum dioicum,58,mid
85008,Lilium superbum,58,mid
136376,Rudbeckia triloba,58,mid
204197,Dendrolycopodium hickeyi,58,mid
914942,Persicaria filiformis,58,mid
55828,Lamium maculatum,57,mid
126516,Viola rostrata,57,mid
164133,Iris sanguinea,57,mid
169474,Symphyotrichum novi-belgii,57,mid
881527,Anemonastrum canadense,57,mid
54780,Quercus bicolor,56,mid
54833,Prunus pensylvanica,56,mid
76606,Dasiphora fruticosa,56,mid
84031,Hylotelephium telephium,56,mid
119791,Acer pseudoplatanus,56,mid
130377,Solidago nemoralis,56,mid
141767,Veronicastrum virginicum,56,mid
165493,Moehringia lateriflora,56,mid
320160,Cornus racemosa,56,mid
55825,Veronica filiformis,55,mid
56325,Asarum canadense,55,mid
58372,Distichlis spicata,55,mid
67524,Polemonium reptans,55,mid
75855,Botrypus virginianus,55,mid
76647,Dianthus deltoides,55,mid
79465,Utricularia macrorhiza,55,mid
128768,Physalis heterophylla,55,mid
164463,Lechea mucronata,55,mid
54844,Salix discolor,54,mid
68293,Polytrichum commune,54,mid
78157,Myriophyllum spicatum,54,mid
130887,Selaginella apoda,54,mid
711103,Pilosella aurantiaca,54,mid
57867,Spirodela polyrhiza,53,mid
127891,Packera obovata,53,mid
773004,Sporobolus pumilus,53,mid
50298,Fragaria vesca,52,mid
78450,Persicaria amphibia,52,mid
81528,Lupinus perennis,52,mid
82307,Symphyotrichum puniceum,52,mid
82740,Lathyrus sylvestris,52,mid
130367,Osmorhiza claytonii,52,mid
143409,Rhododendron prinophyllum,52,mid
163098,Frullania eboracensis,52,mid
166162,Parthenocissus tricuspidata,52,mid
166636,Phellodendron amurense,52,mid
791928,Lysimachia arvensis,52,mid
58382,Poa bulbosa,51,mid
58762,Cystopteris tenuis,51,mid
59778,Pastinaca sativa,51,mid
75377,Alnus incana,51,mid
126641,Allium canadense,51,mid
1617172,Anatherum virginicum,51,mid
55402,Trillium grandiflorum,50,mid
55727,Cymbalaria muralis,50,mid
78455,Persicaria pensylvanica,50,mid
130988,Bidens connata,50,mid
136373,Senna hebecarpa,50,mid
540959,Viola palmata,50,mid
52793,Holcus lanatus,49,mid
56064,Ranunculus acris,49,mid
56871,Eranthis hyemalis,49,mid
67423,Ulva lactuca,49,mid
126485,Calycanthus floridus,49,mid
126637,Hyacinthus orientalis,49,mid
130369,Cicuta bulbifera,49,mid
204152,Eubotrys racemosus,49,mid
1467430,Viola pubescens,49,mid
56033,Alnus serrulata,48,mid
75921,Cabomba caroliniana,48,mid
79148,Solidago altissima,48,mid
83902,Baptisia australis,48,mid
84298,Aesculus hippocastanum,48,mid
126655,Eurybia macrophylla,48,mid
147976,Helianthus decapetalus,48,mid
159954,Carex folliculata,48,mid
164948,Luzula multiflora,48,mid
170089,Utricularia purpurea,48,mid
48622,Nepeta cataria,47,mid
48651,Cosmos sulphureus,47,mid
56455,Pallavicinia lyellii,47,mid
62398,Gratiola aurea,47,mid
75765,Bidens cernua,47,mid
154563,Polygonella articulata,47,mid
905640,Campanula intercedens,47,mid
77663,Lepidium campestre,46,mid
82578,Calopogon tuberosus,46,mid
84790,Magnolia tripetala,46,mid
130951,Nabalus altissimus,46,mid
157642,Houttuynia cordata,45,mid
162409,Eragrostis spectabilis,45,mid
204366,Nipponanthemum nipponicum,45,mid
54847,Salix nigra,44,mid
55760,Viola arvensis,44,mid
75758,Berberis vulgaris,44,mid
133240,Ilex crenata,44,mid
141623,Platycodon grandiflorus,44,mid
155773,Trichocolea tomentella,44,mid
1405994,Viburnum cassinoides,44,mid
47192,Cornus canadensis,43,mid
68052,Carex vulpinoidea,43,mid
76114,Carex stipata,43,mid
118731,Woodwardia areolata,43,mid
122082,Phegopteris connectilis,43,mid
130810,Symphyotrichum patens,43,mid
130901,Cinna arundinacea,43,mid
430124,Stellaria aquatica,43,mid
1392347,Viola minuscula,43,mid
47443,Albizia julibrissin,42,mid
67905,Polytrichum piliferum,42,mid
68562,Cosmos bipinnatus,42,mid
84305,Carya tomentosa,42,mid
85490,Phryma leptostachya,42,mid
129853,Geranium sanguineum,42,mid
78338,Panicum dichotomiflorum,41,mid
119138,Lespedeza virginica,41,mid
122055,Asplenium montanum,41,mid
130677,Pleurozium schreberi,41,mid
320575,Bartramia pomiformis,41,mid
49916,Sisyrinchium angustifolium,40,mid
56134,Muscari botryoides,40,mid
77468,Hydrilla verticillata,40,mid
118776,Monarda punctata,40,mid
119808,Lonicera dioica,40,mid
129286,Carex gracillima,40,mid
143759,Hottonia inflata,40,mid
145721,Solidago patula,40,mid
48502,Cercis canadensis,39,mid
57983,Helianthus annuus,39,mid
60015,Dianthus barbatus,39,mid
60438,Cardamine concatenata,39,mid
75762,Berteroa incana,39,mid
76444,Coreopsis lanceolata,39,mid
118761,Parnassia glauca,39,mid
125380,Asclepias purpurascens,39,mid
126656,Symphyotrichum undulatum,39,mid
129555,Lespedeza procumbens,39,mid
163545,Hedeoma pulegioides,39,mid
787459,Hexasepalum teres,39,mid
58738,Rhus aromatica,38,mid
78709,Potamogeton epihydrus,38,mid
79025,Sedum album,38,mid
82308,Carex crinita,38,mid
120007,Agalinis tenuifolia,38,mid
204163,Micranthes pensylvanica,38,mid
1308947,Pourthiaea villosa,38,mid
54518,Lemna minor,37,mid
57057,Medicago sativa,37,mid
69756,Chamaecyparis thyoides,37,mid
77915,Lycopus uniflorus,37,mid
78456,Persicaria punctata,37,mid
81711,Hydrophyllum virginianum,37,mid
130382,Heliopsis helianthoides,37,mid
130991,Tradescantia virginiana,37,mid
49226,Amelanchier arborea,36,mid
54436,Rubus idaeus,36,mid
56166,Persicaria maculosa,36,mid
59301,Ranunculus sceleratus,36,mid
60316,Typha angustifolia,36,mid
67808,Solidago canadensis,36,mid
128617,Viola lanceolata,36,mid
142654,Rudbeckia fulgida,36,mid
165474,Miscanthus sinensis,36,mid
168750,Sedum sexangulare,36,mid
203695,Euphorbia polygonifolia,36,mid
204435,Viola subsinuata,36,mid
48627,Echinacea purpurea,35,mid
52739,Vaccinium fuscatum,35,mid
53387,Cornus sericea,35,mid
56153,Juncus effusus,35,mid
57076,Trifolium campestre,35,mid
77952,Malva neglecta,35,mid
78849,Rhynchospora capitellata,35,mid
119936,Vitis riparia,35,mid
123050,Vallisneria americana,35,mid
154320,Gentianopsis crinita,35,mid
170206,Viburnum sieboldii,35,mid
204170,Crocanthemum canadense,35,mid
204392,Primula japonica,35,mid
49524,Lilium lancifolium,34,mid
60317,Veronica peregrina,34,mid
77838,Lotus tenuis,34,mid
85327,Polygonatum biflorum,34,mid
118730,Zizania aquatica,34,mid
127504,Carex bromoides,34,mid
159830,Cardamine bulbosa,34,mid
58369,Bromus tectorum,33,mid
60460,Calla palustris,33,mid
64268,Trifolium incarnatum,33,mid
69685,Eriocaulon aquaticum,33,mid
84296,Picea mariana,33,mid
129038,Petasites japonicus,33,mid
165054,Macleaya cordata,33,mid
200052,Euphorbia nutans,33,mid
204244,Athyrium asplenioides,33,mid
337821,Deutzia crenata,33,mid
48229,Ranunculus repens,32,mid
53326,Vinca major,32,mid
54143,Tragopogon dubius,32,mid
54792,Juglans cinerea,32,mid
54808,Fraxinus pennsylvanica,32,mid
61334,Narcissus poeticus,32,mid
61340,Cirsium discolor,32,mid
62404,Aureolaria flava,32,mid
68032,Glyceria canadensis,32,mid
76793,Elodea canadensis,32,mid
117442,Verbesina alternifolia,32,mid
128078,Carex grayi,32,mid
128808,Salix eriocephala,32,mid
129322,Coreopsis verticillata,32,mid
160493,Chelone lyonii,32,mid
161751,Desmodium rotundifolium,32,mid
199979,Dendrolycopodium dendroideum,32,mid
47687,Erodium cicutarium,31,mid
50312,Dirca palustris,31,mid
52383,Pinus resinosa,31,mid
55732,Potentilla norvegica,31,mid
62338,Lysimachia vulgaris,31,mid
81705,Phlox divaricata,31,mid
81722,Sanicula canadensis,31,mid
127287,Carex debilis,31,mid
129548,Asclepias quadrifolia,31,mid
136368,Paronychia canadensis,31,mid
165994,Oxalis montana,31,mid
1449995,Palustricodon aparinoides,31,mid
51768,Gaillardia pulchella,30,mid
68049,Arctostaphylos uva-ursi,30,mid
77293,Glyceria striata,30,mid
77741,Ligustrum ovalifolium,30,mid
78707,Potamogeton crispus,30,mid
84772,Oxalis dillenii,30,mid
119821,Antennaria plantaginifolia,30,mid
122343,Allium tuberosum,30,mid
131183,Solidago odora,30,mid
142733,Cuscuta gronovii,30,mid
155005,Hypericum canadense,30,mid
161460,Cyperus lupulinus,30,mid
55724,Symphytum officinale,29,mid
62041,Platanthera lacera,29,mid
62184,Isotria verticillata,29,mid
75903,Bromus inermis,29,mid
82811,Pellaea atropurpurea,29,mid
130756,Alisma subcordatum,29,mid
162273,Elsholtzia ciliata,29,mid
1677724,Artemisia caudata,29,mid
47910,Asclepias amplexicaulis,28,mid
49658,Liquidambar styraciflua,28,mid
56002,Dipsacus fullonum,28,mid
63696,Dicentra eximia,28,mid
63886,Persicaria lapathifolia,28,mid
77279,Glaucium flavum,28,mid
116361,Acer spicatum,28,mid
126563,Tripsacum dactyloides,28,mid
131006,Mimulus alatus,28,mid
141535,Plagiomnium cuspidatum,28,mid
320685,Geranium macrorrhizum,28,mid
1510826,Calamagrostis breviligulata,28,mid
57310,Vicia tetrasperma,27,mid
58780,Silene antirrhina,27,mid
76790,Eleusine indica,27,mid
121931,Picea rubens,27,mid
127269,Cirsium horridulum,27,mid
128687,Silene caroliniana,27,mid
132717,Eutrochium fistulosum,27,mid
158068,Agalinis purpurea,27,mid
164664,Leucothoe fontanesiana,27,mid
169753,Thymus pulegioides,27,mid
170086,Utricularia inflata,27,mid
51807,Aquilegia vulgaris,26,mid
52614,Zostera marina,26,mid
52833,Anaphalis margaritacea,26,mid
62366,Goodyera tesselata,26,mid
129509,Taxus canadensis,26,mid
153208,Ilex mucronata,26,mid
160628,Cirsium pumilum,26,mid
51737,Solanum lycopersicum,25,mid
56160,Valeriana officinalis,25,mid
68286,Polytrichum juniperinum,25,mid
77991,Mentha canadensis,25,mid
78998,Schoenoplectus tabernaemontani,25,mid
82558,Asplenium rhizophyllum,25,mid
123134,Dicranum scoparium,25,mid
125668,Climacium americanum,25,mid
128724,Puschkinia scilloides,25,mid
130095,Gaylussacia frondosa,25,mid
130994,Desmodium glabellum,25,mid
145724,Dichanthelium dichotomum,25,mid
151797,Aronia arbutifolia,25,mid
164974,Lycopus virginicus,25,mid
1092837,Psammophiliella muralis,25,mid
55734,Sedum acre,24,mid
61948,Stellaria graminea,24,mid
64177,Leersia oryzoides,24,mid
129347,Ilex glabra,24,mid
161785,Dichanthelium depauperatum,24,mid
164458,Lechea intermedia,24,mid
170060,Ulota crispa,24,mid
469472,Malus domestica,24,mid
1367313,Neillia incisa,24,mid
52287,Borago officinalis,23,mid
53168,Oxalis corniculata,23,mid
64161,Triticum aestivum,23,mid
79016,Scutellaria galericulata,23,mid
122054,Woodwardia virginica,23,mid
125101,Houstonia pusilla,23,mid
136375,Galium tinctorium,23,mid
158076,Agastache foeniculum,23,mid
161858,Dicranum fulvum,23,mid
168326,Salix cinerea,23,mid
204158,Liatris novae-angliae,23,mid
204346,Linum striatum,23,mid
320881,Juncus gerardi,23,mid
48225,Eschscholzia californica,22,mid
52934,Eupatorium serotinum,22,mid
55713,Centaurea jacea,22,mid
59060,Cyperus erythrorhizos,22,mid
60234,Samolus parviflorus,22,mid
60283,Echinochloa crus-galli,22,mid
75920,Bulbostylis capillaris,22,mid
79070,Setaria viridis,22,mid
81595,Sibbaldiopsis tridentata,22,mid
121268,Carex plantaginea,22,mid
125788,Kerria japonica,22,mid
126585,Hibiscus syriacus,22,mid
127005,Antennaria neglecta,22,mid
157893,Acalypha gracilens,22,mid
167599,Pulmonaria officinalis,22,mid
836798,Mononeuria glabra,22,mid
950617,Anemonoides blanda,22,mid
52501,Kolkwitzia amabilis,21,mid
53858,Solanum tuberosum,21,mid
57897,Salsola kali,21,mid
77411,Hibiscus trionum,21,mid
78174,Nasturtium officinale,21,mid
78705,Potamogeton amplifolius,21,mid
78712,Potamogeton natans,21,mid
79317,Taraxacum erythrospermum,21,mid
82203,Myrica gale,21,mid
84261,Arisaema dracontium,21,mid
119136,Perilla frutescens,21,mid
128671,Salix humilis,21,mid
129032,Euthamia caroliniana,21,mid
129195,Rosa virginiana,21,mid
130043,Leersia virginica,21,mid
132614,Carex virescens,21,mid
165747,Nowellia curvifolia,21,mid
468143,Hyalotheca dissiliens,21,mid
53021,Convolvulus arvensis,20,mid
55411,Raphanus raphanistrum,20,mid
60153,Lepidium latifolium,20,mid
61112,Veronica scutellata,20,mid
62394,Aureolaria pedicularia,20,mid
76104,Carex scoparia,20,mid
76583,Cyperus bipartitus,20,mid
82559,Cystopteris bulbifera,20,mid
127065,Ornithogalum nutans,20,mid
154473,Pycnanthemum virginianum,20,mid
158275,Amelanchier nantucketensis,20,mid
166724,Phlox stolonifera,20,mid
169497,Symplocos paniculata,20,mid
204150,Crocanthemum bicknellii,20,mid
